Month,Year,PartNo,Description,Quantity,Sales Price
1,2025,0503BA0290N-RK,ALFA HUB,149,5674.62
1,2025,0503BA0290N,Front Wheel Hub,456,8918.15
1,2025,0502BA1050N,Alfa Rear Wheel Hub LH,271,3898.96
1,2025,0502BA1060N,Alfa Rear Wheel Hub RH,283,10226.23
1,2025,0602AAB00260N,Brake Drum ALFA,341,6686.77
1,2025,0601AMJ00030N,Brake Drum -TREO,310,1250.66
1,2025,0601AAA00320N,B.D. E-Riksha,452,10097.6
1,2025,0601AED00170N,Brake Drum E-Rikshaw,520,2677.47
1,2025,0801AAA00960N,Clutch Housing LCC,107,1279.74
1,2025,006017472B92,Fly Wheel 3DI,153,9907.94
1,2025,006029533V91,Fly Wheel 3DI E1H1,511,7813.32
1,2025,006028861V92,475/575 4DI-NCRPTO,87,3763.66
1,2025,006028860V91,475/575 4DI-CRPTO,618,7998.22
1,2025,006022009B91,Fly Wheel Swraj,567,2521.6
1,2025,007903649B1,HUB(CRE),602,1475.66
1,2025,4D00322,BOSS BRAKCET,112,601.6
1,2025,005551418R8,F.A.S. (BP),366,1888.83
1,2025,F3S00100,Brake Drum 100,207,1308.4
1,2025,F8T00122,Brake Drum 122,221,7424.7
1,2025,F3S00222,Brake Drum 222,429,509.09
1,2025,F3S00422,Brake Drum 422,126,12312.05
1,2025,F8T01222,Brake Drum 1222,201,2581.62
1,2025,F8T02022,Brake Drum 2022,395,7556.32
1,2025,F1860822,BD (B) 1860822 -EDM,475,4002.69
1,2025,F1869022,BD F-1869022-EDM,293,8510.09
1,2025,F8T01922,Brake Drum 1922,681,6026.77
1,2025,F1879622,Brake Drum 9622,136,4652.53
1,2025,F1879722,Brake Drum 9722,508,9725.22
1,2025,F1869122,Brake Drum 9122,162,7634.02
1,2025,F3S00622,Brake Drum 622,489,827.16
1,2025,F5Z00120,Distence Pic Old 120,362,10932.97
1,2025,F5Z00112,Distence Pic Big 112,113,10577.05
1,2025,F1880122,Rear Hub 122,616,3838.45
1,2025,F1888822,Dummy Hub 822,396,7277.78
1,2025,F8S00622,Rear Hub-622,83,1553.8
1,2025,F1880222,Rear HUB-222,135,3004.06
1,2025,F8S01022,UB Hub 1022,114,2769.71
1,2025,FTF01222,UB Hub 1222,344,8968.12
1,2025,F1884622,Front Hub -622,84,9272.76
1,2025,F8S00922,UB Hub 922,458,5756.97
1,2025,F8S01322,Front HUB-1322,439,2597.78
1,2025,FTF01122,Hub 1122 MBP,411,3865.54
1,2025,FTF01022,Hub 1022 MBP,319,1155.93
1,2025,FTF03022,Rear Dummy HUB-3022,102,10948.21
1,2025,FH302622,Front Hub 2622 MBP,157,10679.09
1,2025,FTT02722,HUB-2722,540,658.47
1,2025,F3H01322,ARB FRAME MOUNTING BKT,239,11037.91
1,2025,F2R00122,SGM BKT-122,413,9389.84
1,2025,F8D01700,SGM BKT -1700,189,8182.23
1,2025,F-8D02722,SGM -2722,88,2888.27
1,2025,F8D01622,SGM -1622,290,6214.22
1,2025,F3H01122,ARB Axle M. BKt LH,457,9818.99
1,2025,F3H01222,ARB Axle M. BKt RH,187,1749.8
1,2025,B3F15503,Fly Wheel-503,347,3614.35
1,2025,B9805502,Flywheel Neptune,351,2197.26
1,2025,B2W02519,FIP Housing CB18,75,7200.8
1,2025,B2W01421,FIP Housing CB28,80,6344.78
1,2025,B2W01307,Fip Housing-1307,331,3025.39
1,2025,X1X00522,Thermostate Housing-522,779,5585.04
1,2025,X2H00622,T.G. Case,649,8603.33
1,2025,F7L09722,Rear Spring Bracket,289,7802.23
1,2025,F5F01822,AC Bracket -1822,235,9046.35
1,2025,F5F01722,AC Bracket -1722,433,2602.29
1,2025,F7Z05314,ATS BRACKET-5314,388,7928.6
1,2025,F7Z00122,ATS BRACKET-122,282,3196.15
1,2025,F7Z05414,ATS BRACKET-5414,559,2725.12
1,2025,F7Z10314,ATS BRACKET 10314,556,9769.55
1,2025,X6E03422,Nodo Bracket-3422,422,667.26
1,2025,X6E03522,Nodo Bracket-3522,92,7586.51
1,2025,X6E05222,Nodo Bracket-5222,162,8677.39
1,2025,X6E05122,Nodo Bracket-5122,321,9970.75
1,2025,330123920,Tata Cup Box,90,5141.25
1,2025,P3301201020,ACE RDE Box casting,296,2462.46
1,2025,330151420,Mega Ace,479,3410.8
1,2025,330134120,M&M 510,81,12715.17
1,2025,330134220V1,M&M 630,534,2626.12
1,2025,330931720,Cover Plate,932,11565.08
1,2025,502207C01,Side Cover C01,691,6618.67
1,2025,502207E 01,Side Cover Casting E01 (HFB 82),244,2131.71
1,2025,50170115,Valve Housing HFB 64,341,4497.15
1,2025,501707C06,Valve Housing casting,250,7574.61
1,2025,501707C03,Valve Housing casting-C03,463,10489.87
1,2025,501707E 01,Valve housing casting  E01 (HFB82),387,2303.05
1,2025,500127C06,LH Housing C06,253,3789.86
1,2025,500127C14,LH Housing C14,518,10659.08
1,2025,50012110,LH Housing 64,82,3993.38
1,2025,5.00E+08,LH Housing -82,372,1355.81
1,2025,666,BB-106,237,1744.56
1,2025,F1826722,B.D. 6722,69,2648.79
1,2025,257542303705,TATA BRAKE DRUM 3705,1146,4301.23
1,2025,263242303723,TATA BRAKE DRUM 3723,85,9343.36
1,2025,F1875722,Brake Drum -5722,371,3733.97
1,2025,277642303701,TATA BRAKE DRUM 3701,320,3879.21
1,2025,5.01E+11,Brake Drum 3702,159,12238.11
1,2025,0031002662AC,Rear Cover-6662,235,6418
1,2025,10006813CC,Rear Cover-6813,632,6802.81
1,2025,300053048A,Sviwel Housing LH,455,5834.9
1,2025,300053049A,Sviwel Housing RH,537,8221.34
1,2025,300130461B,Housing Input Pinion,338,8244.77
1,2025,300130468A,Cover steering cylinder mounting,397,10832.88
1,2025,300130474A,Housing hub stub axle,347,6869.69
1,2025,300145985A,Housing Axle King Shaft,306,5368.81
1,2025,10039106AB,Front Axle Housing LH-106 AB,78,3889.4
1,2025,10039104AC,Front Axle Housing RH-104 AC,537,6202.39
1,2025,10039098AB,"Front Axle Housing RH  (10039098AB)
",145,6079.87
1,2025,300422630A,Housing Front Axle Cover LH-630,691,11078.9
1,2025,300422616A,Housing Front Axle Cover RH-640,714,7540.72
1,2025,300137705B,Housing Front Axle Cover LH-705,503,8028.85
1,2025,300130478B,Housing Front Axle Cover RH-478,658,11115.32
1,2025,10051257CB,Front Axle Housing,307,7406.29
1,2025,1A8252-42110,Hydarulic Housing,81,986.32
1,2025,10071462AG,Integral Front Axle Bkt(Casting),235,8978.16
1,2025,5A8252-24701,COVER FRONT,286,5884.87
1,2025,5A8252-24240,COVER REAR,92,2638.4
1,2025,1A8252-43231-1,HEAD CYLINDER,484,7572.97
1,2025,1A8550-43210-1,HEAD CYLINDER-210,684,8545.52
1,2025,1A8252-47710,HINGE SUPPORT-8252,420,6723.89
1,2025,101281426000,Brake Drum -6000,460,9470.4
1,2025,101281426100,Brake Drum -6100,184,3067.66
1,2025,1SK-45870,HUB Tunring,484,9588.93
1,2025,(SE01B00G00037),Front Wheel hub Star Glow,573,984.69
1,2025,4256730,HUB-118,437,2857.84
1,2025,4252073,HUB-316,423,7561.39
1,2025,4252752,HUB-454,188,10337.24
1,2025,4255058,HUB-770,161,2893.81
1,2025,10055248BB,ASSY FRONT AXLE HOUSING PADDY SPECIAL,394,10124.13
1,2025,1A8252-13760-1,"GEARBOX, FRONT L ECN",320,2187.18
1,2025,1A8252-13770-1,"GEARBOX, FRONT R ECN",317,3153.68
1,2025,300167935A,Center Beam Housing -584/935,180,2948.32
1,2025,XBY00222,Bracket Engine,96,4001.22
1,2025,300137702C,CENTER BEAM HSG - Casting,408,9910.67
1,2025,M31149S002,Fron Wheel Hub Champ,536,7886.8
1,2025,X1821622,Housing Oil Cooler,364,4789.07
1,2025,B3F01301,Flywheel Boss,184,328.79
1,2025,F4W03322,FSFB Bracket - 3322,501,9821.23
1,2025,F4W03222,FSFB Bracket - 3222,304,11722.68
1,2025,X6E04822,NODO BRACKET -ECO-4822,205,7163.82
1,2025,F6A07422,Spring bracket-7422,460,12056.98
1,2025,7125600,Wheel - Drive,163,669.12
1,2025,8829617,Dual adapter hub,264,3638.84
1,2025,29324690,Disc Actuating,93,12220.57
1,2025,IC0305854,EICHER BRAKE DRUM,118,7592.16
1,2025,277642303714,Brake Drum 3714,170,4836.46
1,2025,277642303707,Brake Drum 3707,264,4440.11
1,2025,66666,Trunnion Braket,300,4632.9
1,2025,1528137,Chart Casting Wheel -8137,113,4663.85
1,2025,1528138,Chart Casting Wheel -8138,282,10875.04
1,2025,516266681,Chart Casting Wheel -6681,84,7972.78
1,2025,8504786,Casting drive wheel,53,9692.63
1,2025,1524926,Hub Casting,232,11744.12
1,2025,8827231,Drive wheel -casting,483,925.21
1,2025,006050988V01,Fly Wheel 67 HP,452,9045.68
1,2025,907125600,Wheel - Drive,266,7105.91
1,2025,60000-01/018,"Brake Drum , 16.5X7, G3000b",417,3644.05
1,2025,X1505222,Pulley-5222,271,3155.92
1,2025,X1505122,Pulley-5122,212,10387.64
1,2025,006525415B01,Axle Carr LH,325,8427.48
1,2025,006525417B01,Axle Carr RH,292,366.78
1,2025,B3F16003,Fly Wheel -16003,297,11590.69
1,2025,5739980670,HYVA Bracket 670,469,8871.69
1,2025,3318C00701,Flywheel-701,225,7380.84
1,2025,H01XX417961701,Drive wheel,459,4754.5
1,2025,X6E04722,NODO BRACKET-ECO-4722,526,508.31
1,2025,FTF03022,Rear Dummy HUB-3222,497,6252.47
1,2025,F5N04822,Bracket -Engine Mounting-4822,466,5149.27
1,2025,A 400 322 05 01,Spring bracket -501,596,2932.4
1,2025,A 400 322 00 01,Spring bracket -0001,548,11367.26
1,2025,A 400 322 00 06,Spring bracket -0006,361,3950.23
1,2025,A4008911020,Bracket Bearing 1020,290,6653.58
1,2025,A4003220101,Spring bracket -0101,165,9279.75
1,2025,A400 891 09 20,Bracket Bearing 920,358,10630.73
2,2025,0503BA0290N-RK,ALFA HUB,137,5769.71
2,2025,0503BA0290N,Front Wheel Hub,419,9067.59
2,2025,0502BA1050N,Alfa Rear Wheel Hub LH,250,3964.29
2,2025,0502BA1060N,Alfa Rear Wheel Hub RH,260,10397.59
2,2025,0602AAB00260N,Brake Drum ALFA,314,6798.82
2,2025,0601AMJ00030N,Brake Drum -TREO,285,1271.62
2,2025,0601AAA00320N,B.D. E-Riksha,417,10266.81
2,2025,0601AED00170N,Brake Drum E-Rikshaw,479,2722.34
2,2025,0801AAA00960N,Clutch Housing LCC,99,1301.19
2,2025,006017472B92,Fly Wheel 3DI,141,10073.97
2,2025,006029533V91,Fly Wheel 3DI E1H1,470,7944.25
2,2025,006028861V92,475/575 4DI-NCRPTO,80,3826.73
2,2025,006028860V91,475/575 4DI-CRPTO,569,8132.25
2,2025,006022009B91,Fly Wheel Swraj,522,2563.85
2,2025,007903649B1,HUB(CRE),554,1500.39
2,2025,4D00322,BOSS BRAKCET,103,611.68
2,2025,005551418R8,F.A.S. (BP),337,1920.48
2,2025,F3S00100,Brake Drum 100,191,1330.32
2,2025,F8T00122,Brake Drum 122,203,7549.11
2,2025,F3S00222,Brake Drum 222,394,517.62
2,2025,F3S00422,Brake Drum 422,116,12518.36
2,2025,F8T01222,Brake Drum 1222,185,2624.88
2,2025,F8T02022,Brake Drum 2022,364,7682.94
2,2025,F1860822,BD (B) 1860822 -EDM,438,4069.77
2,2025,F1869022,BD F-1869022-EDM,270,8652.69
2,2025,F8T01922,Brake Drum 1922,627,6127.76
2,2025,F1879622,Brake Drum 9622,125,4730.49
2,2025,F1879722,Brake Drum 9722,467,9888.19
2,2025,F1869122,Brake Drum 9122,149,7761.94
2,2025,F3S00622,Brake Drum 622,450,841.02
2,2025,F5Z00120,Distence Pic Old 120,333,11116.18
2,2025,F5Z00112,Distence Pic Big 112,104,10754.29
2,2025,F1880122,Rear Hub 122,567,3902.77
2,2025,F1888822,Dummy Hub 822,365,7399.73
2,2025,F8S00622,Rear Hub-622,77,1579.84
2,2025,F1880222,Rear HUB-222,124,3054.4
2,2025,F8S01022,UB Hub 1022,105,2816.13
2,2025,FTF01222,UB Hub 1222,317,9118.39
2,2025,F1884622,Front Hub -622,78,9428.14
2,2025,F8S00922,UB Hub 922,421,5853.44
2,2025,F8S01322,Front HUB-1322,404,2641.32
2,2025,FTF01122,Hub 1122 MBP,378,3930.31
2,2025,FTF01022,Hub 1022 MBP,294,1175.3
2,2025,FTF03022,Rear Dummy HUB-3022,94,11131.67
2,2025,FH302622,Front Hub 2622 MBP,145,10858.04
2,2025,FTT02722,HUB-2722,497,669.51
2,2025,F3H01322,ARB FRAME MOUNTING BKT,220,11222.87
2,2025,F2R00122,SGM BKT-122,380,9547.18
2,2025,F8D01700,SGM BKT -1700,174,8319.34
2,2025,F-8D02722,SGM -2722,81,2936.67
2,2025,F8D01622,SGM -1622,267,6318.35
2,2025,F3H01122,ARB Axle M. BKt LH,420,9983.52
2,2025,F3H01222,ARB Axle M. BKt RH,172,1779.12
2,2025,B3F15503,Fly Wheel-503,320,3674.91
2,2025,B9805502,Flywheel Neptune,323,2234.07
2,2025,B2W02519,FIP Housing CB18,69,7321.46
2,2025,B2W01421,FIP Housing CB28,74,6451.09
2,2025,B2W01307,Fip Housing-1307,304,3076.08
2,2025,X1X00522,Thermostate Housing-522,717,5678.63
2,2025,X2H00622,T.G. Case,597,8747.5
2,2025,F7L09722,Rear Spring Bracket,266,7932.97
2,2025,F5F01822,AC Bracket -1822,216,9197.94
2,2025,F5F01722,AC Bracket -1722,398,2645.9
2,2025,F7Z05314,ATS BRACKET-5314,357,8061.46
2,2025,F7Z00122,ATS BRACKET-122,259,3249.7
2,2025,F7Z05414,ATS BRACKET-5414,514,2770.79
2,2025,F7Z10314,ATS BRACKET 10314,512,9933.26
2,2025,X6E03422,Nodo Bracket-3422,389,678.44
2,2025,X6E03522,Nodo Bracket-3522,84,7713.64
2,2025,X6E05222,Nodo Bracket-5222,149,8822.79
2,2025,X6E05122,Nodo Bracket-5122,296,10137.82
2,2025,330123920,Tata Cup Box,83,5227.4
2,2025,P3301201020,ACE RDE Box casting,273,2503.72
2,2025,330151420,Mega Ace,441,3467.96
2,2025,330134120,M&M 510,75,12928.24
2,2025,330134220V1,M&M 630,491,2670.12
2,2025,330931720,Cover Plate,858,11758.88
2,2025,502207C01,Side Cover C01,636,6729.58
2,2025,502207E 01,Side Cover Casting E01 (HFB 82),225,2167.43
2,2025,50170115,Valve Housing HFB 64,314,4572.51
2,2025,501707C06,Valve Housing casting,230,7701.54
2,2025,501707C03,Valve Housing casting-C03,426,10665.65
2,2025,501707E 01,Valve housing casting  E01 (HFB82),356,2341.64
2,2025,500127C06,LH Housing C06,233,3853.37
2,2025,500127C14,LH Housing C14,477,10837.69
2,2025,50012110,LH Housing 64,76,4060.29
2,2025,5.00E+08,LH Housing -82,343,1378.53
2,2025,666,BB-106,218,1773.79
2,2025,F1826722,B.D. 6722,63,2693.18
2,2025,257542303705,TATA BRAKE DRUM 3705,1055,4373.3
2,2025,263242303723,TATA BRAKE DRUM 3723,79,9499.92
2,2025,F1875722,Brake Drum -5722,342,3796.54
2,2025,277642303701,TATA BRAKE DRUM 3701,295,3944.22
2,2025,5.01E+11,Brake Drum 3702,146,12443.18
2,2025,0031002662AC,Rear Cover-6662,216,6525.55
2,2025,10006813CC,Rear Cover-6813,582,6916.8
2,2025,300053048A,Sviwel Housing LH,418,5932.67
2,2025,300053049A,Sviwel Housing RH,494,8359.11
2,2025,300130461B,Housing Input Pinion,311,8382.93
2,2025,300130468A,Cover steering cylinder mounting,366,11014.4
2,2025,300130474A,Housing hub stub axle,320,6984.8
2,2025,300145985A,Housing Axle King Shaft,282,5458.77
2,2025,10039106AB,Front Axle Housing LH-106 AB,72,3954.58
2,2025,10039104AC,Front Axle Housing RH-104 AC,494,6306.32
2,2025,10039098AB,"Front Axle Housing RH  (10039098AB)
",133,6181.75
2,2025,300422630A,Housing Front Axle Cover LH-630,636,11264.54
2,2025,300422616A,Housing Front Axle Cover RH-640,657,7667.08
2,2025,300137705B,Housing Front Axle Cover LH-705,463,8163.38
2,2025,300130478B,Housing Front Axle Cover RH-478,606,11301.57
2,2025,10051257CB,Front Axle Housing,282,7530.39
2,2025,1A8252-42110,Hydarulic Housing,75,1002.85
2,2025,10071462AG,Integral Front Axle Bkt(Casting),216,9128.61
2,2025,5A8252-24701,COVER FRONT,263,5983.48
2,2025,5A8252-24240,COVER REAR,84,2682.61
2,2025,1A8252-43231-1,HEAD CYLINDER,445,7699.86
2,2025,1A8550-43210-1,HEAD CYLINDER-210,630,8688.72
2,2025,1A8252-47710,HINGE SUPPORT-8252,387,6836.56
2,2025,101281426000,Brake Drum -6000,423,9629.09
2,2025,101281426100,Brake Drum -6100,169,3119.07
2,2025,1SK-45870,HUB Tunring,445,9749.61
2,2025,(SE01B00G00037),Front Wheel hub Star Glow,528,1001.19
2,2025,4256730,HUB-118,402,2905.73
2,2025,4252073,HUB-316,390,7688.09
2,2025,4252752,HUB-454,173,10510.46
2,2025,4255058,HUB-770,148,2942.3
2,2025,10055248BB,ASSY FRONT AXLE HOUSING PADDY SPECIAL,363,10293.78
2,2025,1A8252-13760-1,"GEARBOX, FRONT L ECN",295,2223.83
2,2025,1A8252-13770-1,"GEARBOX, FRONT R ECN",292,3206.52
2,2025,300167935A,Center Beam Housing -584/935,166,2997.72
2,2025,XBY00222,Bracket Engine,88,4068.27
2,2025,300137702C,CENTER BEAM HSG - Casting,375,10076.74
2,2025,M31149S002,Fron Wheel Hub Champ,493,8018.96
2,2025,X1821622,Housing Oil Cooler,335,4869.32
2,2025,B3F01301,Flywheel Boss,169,334.3
2,2025,F4W03322,FSFB Bracket - 3322,462,9985.8
2,2025,F4W03222,FSFB Bracket - 3222,280,11919.11
2,2025,X6E04822,NODO BRACKET -ECO-4822,189,7283.87
2,2025,F6A07422,Spring bracket-7422,423,12259.02
2,2025,7125600,Wheel - Drive,150,680.33
2,2025,8829617,Dual adapter hub,243,3699.82
2,2025,29324690,Disc Actuating,85,12425.35
2,2025,IC0305854,EICHER BRAKE DRUM,108,7719.38
2,2025,277642303714,Brake Drum 3714,156,4917.5
2,2025,277642303707,Brake Drum 3707,243,4514.52
2,2025,66666,Trunnion Braket,276,4710.53
2,2025,1528137,Chart Casting Wheel -8137,104,4742
2,2025,1528138,Chart Casting Wheel -8138,259,11057.27
2,2025,516266681,Chart Casting Wheel -6681,78,8106.38
2,2025,8504786,Casting drive wheel,49,9855.05
2,2025,1524926,Hub Casting,214,11940.91
2,2025,8827231,Drive wheel -casting,444,940.72
2,2025,006050988V01,Fly Wheel 67 HP,417,9197.25
2,2025,907125600,Wheel - Drive,245,7224.99
2,2025,60000-01/018,"Brake Drum , 16.5X7, G3000b",384,3705.11
2,2025,X1505222,Pulley-5222,250,3208.8
2,2025,X1505122,Pulley-5122,195,10561.7
2,2025,006525415B01,Axle Carr LH,299,8568.7
2,2025,006525417B01,Axle Carr RH,269,372.93
2,2025,B3F16003,Fly Wheel -16003,274,11784.91
2,2025,5739980670,HYVA Bracket 670,432,9020.35
2,2025,3318C00701,Flywheel-701,207,7504.51
2,2025,H01XX417961701,Drive wheel,422,4834.18
2,2025,X6E04722,NODO BRACKET-ECO-4722,484,516.83
2,2025,FTF03022,Rear Dummy HUB-3222,458,6357.25
2,2025,F5N04822,Bracket -Engine Mounting-4822,429,5235.56
2,2025,A 400 322 05 01,Spring bracket -501,549,2981.53
2,2025,A 400 322 00 01,Spring bracket -0001,505,11557.74
2,2025,A 400 322 00 06,Spring bracket -0006,332,4016.42
2,2025,A4008911020,Bracket Bearing 1020,267,6765.07
2,2025,A4003220101,Spring bracket -0101,152,9435.25
2,2025,A400 891 09 20,Bracket Bearing 920,329,10808.86
3,2025,0503BA0290N-RK,ALFA HUB,148,5501.07
3,2025,0503BA0290N,Front Wheel Hub,454,8645.41
3,2025,0502BA1050N,Alfa Rear Wheel Hub LH,271,3779.71
3,2025,0502BA1060N,Alfa Rear Wheel Hub RH,282,9913.49
3,2025,0602AAB00260N,Brake Drum ALFA,340,6482.27
3,2025,0601AMJ00030N,Brake Drum -TREO,309,1212.41
3,2025,0601AAA00320N,B.D. E-Riksha,451,9788.79
3,2025,0601AED00170N,Brake Drum E-Rikshaw,519,2595.59
3,2025,0801AAA00960N,Clutch Housing LCC,107,1240.6
3,2025,006017472B92,Fly Wheel 3DI,152,9604.93
3,2025,006029533V91,Fly Wheel 3DI E1H1,509,7574.37
3,2025,006028861V92,475/575 4DI-NCRPTO,87,3648.56
3,2025,006028860V91,475/575 4DI-CRPTO,616,7753.61
3,2025,006022009B91,Fly Wheel Swraj,565,2444.48
3,2025,007903649B1,HUB(CRE),601,1430.53
3,2025,4D00322,BOSS BRAKCET,112,583.2
3,2025,005551418R8,F.A.S. (BP),365,1831.07
3,2025,F3S00100,Brake Drum 100,206,1268.38
3,2025,F8T00122,Brake Drum 122,220,7197.63
3,2025,F3S00222,Brake Drum 222,427,493.52
3,2025,F3S00422,Brake Drum 422,126,11935.51
3,2025,F8T01222,Brake Drum 1222,200,2502.66
3,2025,F8T02022,Brake Drum 2022,394,7325.22
3,2025,F1860822,BD (B) 1860822 -EDM,474,3880.28
3,2025,F1869022,BD F-1869022-EDM,292,8249.83
3,2025,F8T01922,Brake Drum 1922,679,5842.46
3,2025,F1879622,Brake Drum 9622,136,4510.24
3,2025,F1879722,Brake Drum 9722,506,9427.8
3,2025,F1869122,Brake Drum 9122,162,7400.55
3,2025,F3S00622,Brake Drum 622,487,801.86
3,2025,F5Z00120,Distence Pic Old 120,361,10598.61
3,2025,F5Z00112,Distence Pic Big 112,113,10253.58
3,2025,F1880122,Rear Hub 122,614,3721.06
3,2025,F1888822,Dummy Hub 822,395,7055.21
3,2025,F8S00622,Rear Hub-622,83,1506.28
3,2025,F1880222,Rear HUB-222,135,2912.19
3,2025,F8S01022,UB Hub 1022,114,2685.01
3,2025,FTF01222,UB Hub 1222,343,8693.85
3,2025,F1884622,Front Hub -622,84,8989.17
3,2025,F8S00922,UB Hub 922,456,5580.91
3,2025,F8S01322,Front HUB-1322,438,2518.34
3,2025,FTF01122,Hub 1122 MBP,410,3747.32
3,2025,FTF01022,Hub 1022 MBP,318,1120.58
3,2025,FTF03022,Rear Dummy HUB-3022,102,10613.38
3,2025,FH302622,Front Hub 2622 MBP,157,10352.5
3,2025,FTT02722,HUB-2722,538,638.34
3,2025,F3H01322,ARB FRAME MOUNTING BKT,239,10700.34
3,2025,F2R00122,SGM BKT-122,412,9102.67
3,2025,F8D01700,SGM BKT -1700,189,7932
3,2025,F-8D02722,SGM -2722,88,2799.94
3,2025,F8D01622,SGM -1622,289,6024.17
3,2025,F3H01122,ARB Axle M. BKt LH,455,9518.7
3,2025,F3H01222,ARB Axle M. BKt RH,187,1696.29
3,2025,B3F15503,Fly Wheel-503,346,3503.81
3,2025,B9805502,Flywheel Neptune,350,2130.06
3,2025,B2W02519,FIP Housing CB18,75,6980.58
3,2025,B2W01421,FIP Housing CB28,80,6150.74
3,2025,B2W01307,Fip Housing-1307,330,2932.86
3,2025,X1X00522,Thermostate Housing-522,777,5414.24
3,2025,X2H00622,T.G. Case,647,8340.22
3,2025,F7L09722,Rear Spring Bracket,288,7563.62
3,2025,F5F01822,AC Bracket -1822,234,8769.69
3,2025,F5F01722,AC Bracket -1722,431,2522.7
3,2025,F7Z05314,ATS BRACKET-5314,387,7686.12
3,2025,F7Z00122,ATS BRACKET-122,281,3098.4
3,2025,F7Z05414,ATS BRACKET-5414,557,2641.78
3,2025,F7Z10314,ATS BRACKET 10314,555,9470.78
3,2025,X6E03422,Nodo Bracket-3422,421,646.85
3,2025,X6E03522,Nodo Bracket-3522,91,7354.5
3,2025,X6E05222,Nodo Bracket-5222,162,8412.01
3,2025,X6E05122,Nodo Bracket-5122,320,9665.81
3,2025,330123920,Tata Cup Box,90,4984.02
3,2025,P3301201020,ACE RDE Box casting,296,2387.15
3,2025,330151420,Mega Ace,478,3306.49
3,2025,330134120,M&M 510,81,12326.31
3,2025,330134220V1,M&M 630,532,2545.8
3,2025,330931720,Cover Plate,929,11211.39
3,2025,502207C01,Side Cover C01,689,6416.26
3,2025,502207E 01,Side Cover Casting E01 (HFB 82),244,2066.51
3,2025,50170115,Valve Housing HFB 64,340,4359.62
3,2025,501707C06,Valve Housing casting,249,7342.96
3,2025,501707C03,Valve Housing casting-C03,462,10169.06
3,2025,501707E 01,Valve housing casting  E01 (HFB82),386,2232.62
3,2025,500127C06,LH Housing C06,252,3673.96
3,2025,500127C14,LH Housing C14,517,10333.09
3,2025,50012110,LH Housing 64,82,3871.25
3,2025,5.00E+08,LH Housing -82,371,1314.35
3,2025,666,BB-106,236,1691.21
3,2025,F1826722,B.D. 6722,68,2567.79
3,2025,257542303705,TATA BRAKE DRUM 3705,1143,4169.68
3,2025,263242303723,TATA BRAKE DRUM 3723,85,9057.61
3,2025,F1875722,Brake Drum -5722,370,3619.77
3,2025,277642303701,TATA BRAKE DRUM 3701,319,3760.58
3,2025,5.01E+11,Brake Drum 3702,159,11863.83
3,2025,0031002662AC,Rear Cover-6662,234,6221.72
3,2025,10006813CC,Rear Cover-6813,631,6594.76
3,2025,300053048A,Sviwel Housing LH,453,5656.45
3,2025,300053049A,Sviwel Housing RH,535,7969.91
3,2025,300130461B,Housing Input Pinion,337,7992.62
3,2025,300130468A,Cover steering cylinder mounting,396,10501.58
3,2025,300130474A,Housing hub stub axle,346,6659.59
3,2025,300145985A,Housing Axle King Shaft,305,5204.62
3,2025,10039106AB,Front Axle Housing LH-106 AB,78,3770.45
3,2025,10039104AC,Front Axle Housing RH-104 AC,535,6012.7
3,2025,10039098AB,"Front Axle Housing RH  (10039098AB)
",144,5893.93
3,2025,300422630A,Housing Front Axle Cover LH-630,689,10740.07
3,2025,300422616A,Housing Front Axle Cover RH-640,712,7310.11
3,2025,300137705B,Housing Front Axle Cover LH-705,502,7783.3
3,2025,300130478B,Housing Front Axle Cover RH-478,657,10775.38
3,2025,10051257CB,Front Axle Housing,306,7179.78
3,2025,1A8252-42110,Hydarulic Housing,81,956.15
3,2025,10071462AG,Integral Front Axle Bkt(Casting),234,8703.59
3,2025,5A8252-24701,COVER FRONT,285,5704.9
3,2025,5A8252-24240,COVER REAR,91,2557.71
3,2025,1A8252-43231-1,HEAD CYLINDER,482,7341.36
3,2025,1A8550-43210-1,HEAD CYLINDER-210,682,8284.18
3,2025,1A8252-47710,HINGE SUPPORT-8252,419,6518.25
3,2025,101281426000,Brake Drum -6000,458,9180.77
3,2025,101281426100,Brake Drum -6100,184,2973.84
3,2025,1SK-45870,HUB Tunring,482,9295.68
3,2025,(SE01B00G00037),Front Wheel hub Star Glow,571,954.58
3,2025,4256730,HUB-118,436,2770.44
3,2025,4252073,HUB-316,422,7330.14
3,2025,4252752,HUB-454,188,10021.1
3,2025,4255058,HUB-770,161,2805.31
3,2025,10055248BB,ASSY FRONT AXLE HOUSING PADDY SPECIAL,393,9814.51
3,2025,1A8252-13760-1,"GEARBOX, FRONT L ECN",319,2120.29
3,2025,1A8252-13770-1,"GEARBOX, FRONT R ECN",316,3057.23
3,2025,300167935A,Center Beam Housing -584/935,179,2858.15
3,2025,XBY00222,Bracket Engine,95,3878.85
3,2025,300137702C,CENTER BEAM HSG - Casting,407,9607.57
3,2025,M31149S002,Fron Wheel Hub Champ,534,7645.6
3,2025,X1821622,Housing Oil Cooler,363,4642.61
3,2025,B3F01301,Flywheel Boss,184,318.73
3,2025,F4W03322,FSFB Bracket - 3322,500,9520.87
3,2025,F4W03222,FSFB Bracket - 3222,303,11364.17
3,2025,X6E04822,NODO BRACKET -ECO-4822,204,6944.74
3,2025,F6A07422,Spring bracket-7422,458,11688.25
3,2025,7125600,Wheel - Drive,163,648.66
3,2025,8829617,Dual adapter hub,263,3527.55
3,2025,29324690,Disc Actuating,92,11846.83
3,2025,IC0305854,EICHER BRAKE DRUM,117,7359.97
3,2025,277642303714,Brake Drum 3714,169,4688.54
3,2025,277642303707,Brake Drum 3707,263,4304.32
3,2025,66666,Trunnion Braket,299,4491.21
3,2025,1528137,Chart Casting Wheel -8137,113,4521.22
3,2025,1528138,Chart Casting Wheel -8138,281,10542.45
3,2025,516266681,Chart Casting Wheel -6681,84,7728.95
3,2025,8504786,Casting drive wheel,53,9396.2
3,2025,1524926,Hub Casting,231,11384.95
3,2025,8827231,Drive wheel -casting,481,896.92
3,2025,006050988V01,Fly Wheel 67 HP,451,8769.03
3,2025,907125600,Wheel - Drive,266,6888.6
3,2025,60000-01/018,"Brake Drum , 16.5X7, G3000b",416,3532.61
3,2025,X1505222,Pulley-5222,271,3059.4
3,2025,X1505122,Pulley-5122,212,10069.96
3,2025,006525415B01,Axle Carr LH,324,8169.75
3,2025,006525417B01,Axle Carr RH,291,355.57
3,2025,B3F16003,Fly Wheel -16003,297,11236.22
3,2025,5739980670,HYVA Bracket 670,468,8600.37
3,2025,3318C00701,Flywheel-701,224,7155.11
3,2025,H01XX417961701,Drive wheel,457,4609.1
3,2025,X6E04722,NODO BRACKET-ECO-4722,525,492.77
3,2025,FTF03022,Rear Dummy HUB-3222,496,6061.26
3,2025,F5N04822,Bracket -Engine Mounting-4822,465,4991.79
3,2025,A 400 322 05 01,Spring bracket -501,594,2842.72
3,2025,A 400 322 00 01,Spring bracket -0001,547,11019.62
3,2025,A 400 322 00 06,Spring bracket -0006,360,3829.42
3,2025,A4008911020,Bracket Bearing 1020,289,6450.09
3,2025,A4003220101,Spring bracket -0101,165,8995.95
3,2025,A400 891 09 20,Bracket Bearing 920,357,10305.61
4,2025,0503BA0290N-RK,ALFA HUB,152,5812.48
4,2025,0503BA0290N,Front Wheel Hub,466,9134.82
4,2025,0502BA1050N,Alfa Rear Wheel Hub LH,278,3993.68
4,2025,0502BA1060N,Alfa Rear Wheel Hub RH,289,10474.68
4,2025,0602AAB00260N,Brake Drum ALFA,349,6849.23
4,2025,0601AMJ00030N,Brake Drum -TREO,317,1281.05
4,2025,0601AAA00320N,B.D. E-Riksha,463,10342.92
4,2025,0601AED00170N,Brake Drum E-Rikshaw,532,2742.52
4,2025,0801AAA00960N,Clutch Housing LCC,110,1310.83
4,2025,006017472B92,Fly Wheel 3DI,156,10148.65
4,2025,006029533V91,Fly Wheel 3DI E1H1,522,8003.14
4,2025,006028861V92,475/575 4DI-NCRPTO,89,3855.1
4,2025,006028860V91,475/575 4DI-CRPTO,632,8192.54
4,2025,006022009B91,Fly Wheel Swraj,580,2582.86
4,2025,007903649B1,HUB(CRE),616,1511.51
4,2025,4D00322,BOSS BRAKCET,115,616.21
4,2025,005551418R8,F.A.S. (BP),374,1934.72
4,2025,F3S00100,Brake Drum 100,212,1340.19
4,2025,F8T00122,Brake Drum 122,225,7605.08
4,2025,F3S00222,Brake Drum 222,438,521.46
4,2025,F3S00422,Brake Drum 422,129,12611.17
4,2025,F8T01222,Brake Drum 1222,205,2644.34
4,2025,F8T02022,Brake Drum 2022,404,7739.9
4,2025,F1860822,BD (B) 1860822 -EDM,486,4099.94
4,2025,F1869022,BD F-1869022-EDM,300,8716.84
4,2025,F8T01922,Brake Drum 1922,697,6173.19
4,2025,F1879622,Brake Drum 9622,139,4765.56
4,2025,F1879722,Brake Drum 9722,519,9961.49
4,2025,F1869122,Brake Drum 9122,166,7819.49
4,2025,F3S00622,Brake Drum 622,500,847.25
4,2025,F5Z00120,Distence Pic Old 120,370,11198.59
4,2025,F5Z00112,Distence Pic Big 112,116,10834.02
4,2025,F1880122,Rear Hub 122,630,3931.71
4,2025,F1888822,Dummy Hub 822,405,7454.59
4,2025,F8S00622,Rear Hub-622,85,1591.55
4,2025,F1880222,Rear HUB-222,138,3077.04
4,2025,F8S01022,UB Hub 1022,117,2837
4,2025,FTF01222,UB Hub 1222,352,9186
4,2025,F1884622,Front Hub -622,86,9498.04
4,2025,F8S00922,UB Hub 922,468,5896.83
4,2025,F8S01322,Front HUB-1322,449,2660.9
4,2025,FTF01122,Hub 1122 MBP,420,3959.45
4,2025,FTF01022,Hub 1022 MBP,327,1184.02
4,2025,FTF03022,Rear Dummy HUB-3022,104,11214.19
4,2025,FH302622,Front Hub 2622 MBP,161,10938.54
4,2025,FTT02722,HUB-2722,552,674.47
4,2025,F3H01322,ARB FRAME MOUNTING BKT,245,11306.07
4,2025,F2R00122,SGM BKT-122,422,9617.97
4,2025,F8D01700,SGM BKT -1700,194,8381.02
4,2025,F-8D02722,SGM -2722,90,2958.44
4,2025,F8D01622,SGM -1622,297,6365.2
4,2025,F3H01122,ARB Axle M. BKt LH,467,10057.54
4,2025,F3H01222,ARB Axle M. BKt RH,191,1792.31
4,2025,B3F15503,Fly Wheel-503,355,3702.16
4,2025,B9805502,Flywheel Neptune,358,2250.64
4,2025,B2W02519,FIP Housing CB18,77,7375.74
4,2025,B2W01421,FIP Housing CB28,82,6498.92
4,2025,B2W01307,Fip Housing-1307,338,3098.89
4,2025,X1X00522,Thermostate Housing-522,797,5720.73
4,2025,X2H00622,T.G. Case,664,8812.35
4,2025,F7L09722,Rear Spring Bracket,296,7991.79
4,2025,F5F01822,AC Bracket -1822,240,9266.13
4,2025,F5F01722,AC Bracket -1722,442,2665.51
4,2025,F7Z05314,ATS BRACKET-5314,397,8121.22
4,2025,F7Z00122,ATS BRACKET-122,288,3273.8
4,2025,F7Z05414,ATS BRACKET-5414,571,2791.33
4,2025,F7Z10314,ATS BRACKET 10314,569,10006.9
4,2025,X6E03422,Nodo Bracket-3422,432,683.47
4,2025,X6E03522,Nodo Bracket-3522,94,7770.82
4,2025,X6E05222,Nodo Bracket-5222,166,8888.2
4,2025,X6E05122,Nodo Bracket-5122,329,10212.98
4,2025,330123920,Tata Cup Box,93,5266.16
4,2025,P3301201020,ACE RDE Box casting,303,2522.28
4,2025,330151420,Mega Ace,490,3493.67
4,2025,330134120,M&M 510,83,13024.08
4,2025,330134220V1,M&M 630,546,2689.92
4,2025,330931720,Cover Plate,953,11846.05
4,2025,502207C01,Side Cover C01,706,6779.47
4,2025,502207E 01,Side Cover Casting E01 (HFB 82),250,2183.5
4,2025,50170115,Valve Housing HFB 64,349,4606.41
4,2025,501707C06,Valve Housing casting,255,7758.64
4,2025,501707C03,Valve Housing casting-C03,473,10744.72
4,2025,501707E 01,Valve housing casting  E01 (HFB82),396,2359
4,2025,500127C06,LH Housing C06,258,3881.94
4,2025,500127C14,LH Housing C14,530,10918.04
4,2025,50012110,LH Housing 64,84,4090.4
4,2025,5.00E+08,LH Housing -82,381,1388.75
4,2025,666,BB-106,242,1786.94
4,2025,F1826722,B.D. 6722,70,2713.15
4,2025,257542303705,TATA BRAKE DRUM 3705,1172,4405.72
4,2025,263242303723,TATA BRAKE DRUM 3723,87,9570.35
4,2025,F1875722,Brake Drum -5722,380,3824.68
4,2025,277642303701,TATA BRAKE DRUM 3701,328,3973.46
4,2025,5.01E+11,Brake Drum 3702,163,12535.43
4,2025,0031002662AC,Rear Cover-6662,240,6573.93
4,2025,10006813CC,Rear Cover-6813,647,6968.08
4,2025,300053048A,Sviwel Housing LH,465,5976.66
4,2025,300053049A,Sviwel Housing RH,549,8421.08
4,2025,300130461B,Housing Input Pinion,346,8445.08
4,2025,300130468A,Cover steering cylinder mounting,406,11096.06
4,2025,300130474A,Housing hub stub axle,355,7036.58
4,2025,300145985A,Housing Axle King Shaft,313,5499.24
4,2025,10039106AB,Front Axle Housing LH-106 AB,80,3983.89
4,2025,10039104AC,Front Axle Housing RH-104 AC,549,6353.07
4,2025,10039098AB,"Front Axle Housing RH  (10039098AB)
",148,6227.58
4,2025,300422630A,Housing Front Axle Cover LH-630,706,11348.06
4,2025,300422616A,Housing Front Axle Cover RH-640,730,7723.92
4,2025,300137705B,Housing Front Axle Cover LH-705,515,8223.9
4,2025,300130478B,Housing Front Axle Cover RH-478,673,11385.36
4,2025,10051257CB,Front Axle Housing,314,7586.22
4,2025,1A8252-42110,Hydarulic Housing,83,1010.28
4,2025,10071462AG,Integral Front Axle Bkt(Casting),240,9196.28
4,2025,5A8252-24701,COVER FRONT,292,6027.84
4,2025,5A8252-24240,COVER REAR,94,2702.5
4,2025,1A8252-43231-1,HEAD CYLINDER,495,7756.95
4,2025,1A8550-43210-1,HEAD CYLINDER-210,700,8753.14
4,2025,1A8252-47710,HINGE SUPPORT-8252,430,6887.24
4,2025,101281426000,Brake Drum -6000,470,9700.48
4,2025,101281426100,Brake Drum -6100,188,3142.19
4,2025,1SK-45870,HUB Tunring,495,9821.89
4,2025,(SE01B00G00037),Front Wheel hub Star Glow,586,1008.61
4,2025,4256730,HUB-118,447,2927.27
4,2025,4252073,HUB-316,433,7745.09
4,2025,4252752,HUB-454,193,10588.38
4,2025,4255058,HUB-770,165,2964.11
4,2025,10055248BB,ASSY FRONT AXLE HOUSING PADDY SPECIAL,403,10370.1
4,2025,1A8252-13760-1,"GEARBOX, FRONT L ECN",328,2240.32
4,2025,1A8252-13770-1,"GEARBOX, FRONT R ECN",324,3230.3
4,2025,300167935A,Center Beam Housing -584/935,184,3019.95
4,2025,XBY00222,Bracket Engine,98,4098.43
4,2025,300137702C,CENTER BEAM HSG - Casting,417,10151.44
4,2025,M31149S002,Fron Wheel Hub Champ,548,8078.41
4,2025,X1821622,Housing Oil Cooler,372,4905.42
4,2025,B3F01301,Flywheel Boss,188,336.77
4,2025,F4W03322,FSFB Bracket - 3322,513,10059.84
4,2025,F4W03222,FSFB Bracket - 3222,311,12007.48
4,2025,X6E04822,NODO BRACKET -ECO-4822,210,7337.87
4,2025,F6A07422,Spring bracket-7422,470,12349.91
4,2025,7125600,Wheel - Drive,167,685.38
4,2025,8829617,Dual adapter hub,270,3727.24
4,2025,29324690,Disc Actuating,95,12517.46
4,2025,IC0305854,EICHER BRAKE DRUM,120,7776.61
4,2025,277642303714,Brake Drum 3714,173,4953.96
4,2025,277642303707,Brake Drum 3707,270,4547.99
4,2025,66666,Trunnion Braket,306,4745.45
4,2025,1528137,Chart Casting Wheel -8137,116,4777.16
4,2025,1528138,Chart Casting Wheel -8138,288,11139.25
4,2025,516266681,Chart Casting Wheel -6681,86,8166.48
4,2025,8504786,Casting drive wheel,54,9928.11
4,2025,1524926,Hub Casting,237,12029.44
4,2025,8827231,Drive wheel -casting,493,947.69
4,2025,006050988V01,Fly Wheel 67 HP,463,9265.44
4,2025,907125600,Wheel - Drive,272,7278.55
4,2025,60000-01/018,"Brake Drum , 16.5X7, G3000b",426,3732.58
4,2025,X1505222,Pulley-5222,278,3232.59
4,2025,X1505122,Pulley-5122,217,10640
4,2025,006525415B01,Axle Carr LH,332,8632.23
4,2025,006525417B01,Axle Carr RH,299,375.69
4,2025,B3F16003,Fly Wheel -16003,304,11872.28
4,2025,5739980670,HYVA Bracket 670,480,9087.22
4,2025,3318C00701,Flywheel-701,230,7560.15
4,2025,H01XX417961701,Drive wheel,469,4870.01
4,2025,X6E04722,NODO BRACKET-ECO-4722,538,520.66
4,2025,FTF03022,Rear Dummy HUB-3222,508,6404.38
4,2025,F5N04822,Bracket -Engine Mounting-4822,476,5274.37
4,2025,A 400 322 05 01,Spring bracket -501,609,3003.64
4,2025,A 400 322 00 01,Spring bracket -0001,560,11643.43
4,2025,A 400 322 00 06,Spring bracket -0006,369,4046.2
4,2025,A4008911020,Bracket Bearing 1020,297,6815.22
4,2025,A4003220101,Spring bracket -0101,169,9505.2
4,2025,A400 891 09 20,Bracket Bearing 920,366,10889
5,2025,0503BA0290N-RK,ALFA HUB,145,5843.46
5,2025,0503BA0290N,Front Wheel Hub,444,9183.51
5,2025,0502BA1050N,Alfa Rear Wheel Hub LH,265,4014.97
5,2025,0502BA1060N,Alfa Rear Wheel Hub RH,276,10530.51
5,2025,0602AAB00260N,Brake Drum ALFA,333,6885.73
5,2025,0601AMJ00030N,Brake Drum -TREO,302,1287.88
5,2025,0601AAA00320N,B.D. E-Riksha,441,10398.05
5,2025,0601AED00170N,Brake Drum E-Rikshaw,507,2757.14
5,2025,0801AAA00960N,Clutch Housing LCC,104,1317.82
5,2025,006017472B92,Fly Wheel 3DI,149,10202.75
5,2025,006029533V91,Fly Wheel 3DI E1H1,498,8045.8
5,2025,006028861V92,475/575 4DI-NCRPTO,85,3875.65
5,2025,006028860V91,475/575 4DI-CRPTO,603,8236.2
5,2025,006022009B91,Fly Wheel Swraj,553,2596.63
5,2025,007903649B1,HUB(CRE),587,1519.57
5,2025,4D00322,BOSS BRAKCET,110,619.5
5,2025,005551418R8,F.A.S. (BP),357,1945.03
5,2025,F3S00100,Brake Drum 100,202,1347.33
5,2025,F8T00122,Brake Drum 122,215,7645.61
5,2025,F3S00222,Brake Drum 222,418,524.24
5,2025,F3S00422,Brake Drum 422,123,12678.39
5,2025,F8T01222,Brake Drum 1222,196,2658.43
5,2025,F8T02022,Brake Drum 2022,385,7781.15
5,2025,F1860822,BD (B) 1860822 -EDM,464,4121.79
5,2025,F1869022,BD F-1869022-EDM,286,8763.3
5,2025,F8T01922,Brake Drum 1922,664,6206.09
5,2025,F1879622,Brake Drum 9622,133,4790.96
5,2025,F1879722,Brake Drum 9722,495,10014.59
5,2025,F1869122,Brake Drum 9122,158,7861.16
5,2025,F3S00622,Brake Drum 622,477,851.77
5,2025,F5Z00120,Distence Pic Old 120,353,11258.28
5,2025,F5Z00112,Distence Pic Big 112,111,10891.77
5,2025,F1880122,Rear Hub 122,600,3952.67
5,2025,F1888822,Dummy Hub 822,386,7494.33
5,2025,F8S00622,Rear Hub-622,81,1600.03
5,2025,F1880222,Rear HUB-222,132,3093.44
5,2025,F8S01022,UB Hub 1022,112,2852.12
5,2025,FTF01222,UB Hub 1222,336,9234.96
5,2025,F1884622,Front Hub -622,82,9548.67
5,2025,F8S00922,UB Hub 922,446,5928.27
5,2025,F8S01322,Front HUB-1322,428,2675.08
5,2025,FTF01122,Hub 1122 MBP,401,3980.55
5,2025,FTF01022,Hub 1022 MBP,311,1190.33
5,2025,FTF03022,Rear Dummy HUB-3022,99,11273.97
5,2025,FH302622,Front Hub 2622 MBP,153,10996.84
5,2025,FTT02722,HUB-2722,526,678.07
5,2025,F3H01322,ARB FRAME MOUNTING BKT,233,11366.34
5,2025,F2R00122,SGM BKT-122,403,9669.23
5,2025,F8D01700,SGM BKT -1700,185,8425.69
5,2025,F-8D02722,SGM -2722,86,2974.21
5,2025,F8D01622,SGM -1622,283,6399.12
5,2025,F3H01122,ARB Axle M. BKt LH,445,10111.15
5,2025,F3H01222,ARB Axle M. BKt RH,183,1801.87
5,2025,B3F15503,Fly Wheel-503,339,3721.89
5,2025,B9805502,Flywheel Neptune,342,2262.63
5,2025,B2W02519,FIP Housing CB18,73,7415.05
5,2025,B2W01421,FIP Housing CB28,78,6533.56
5,2025,B2W01307,Fip Housing-1307,323,3115.4
5,2025,X1X00522,Thermostate Housing-522,760,5751.22
5,2025,X2H00622,T.G. Case,633,8859.32
5,2025,F7L09722,Rear Spring Bracket,282,8034.38
5,2025,F5F01822,AC Bracket -1822,229,9315.52
5,2025,F5F01722,AC Bracket -1722,422,2679.72
5,2025,F7Z05314,ATS BRACKET-5314,378,8164.51
5,2025,F7Z00122,ATS BRACKET-122,275,3291.25
5,2025,F7Z05414,ATS BRACKET-5414,545,2806.21
5,2025,F7Z10314,ATS BRACKET 10314,543,10060.24
5,2025,X6E03422,Nodo Bracket-3422,412,687.11
5,2025,X6E03522,Nodo Bracket-3522,89,7812.24
5,2025,X6E05222,Nodo Bracket-5222,158,8935.58
5,2025,X6E05122,Nodo Bracket-5122,313,10267.42
5,2025,330123920,Tata Cup Box,88,5294.23
5,2025,P3301201020,ACE RDE Box casting,289,2535.73
5,2025,330151420,Mega Ace,468,3512.29
5,2025,330134120,M&M 510,79,13093.5
5,2025,330134220V1,M&M 630,520,2704.25
5,2025,330931720,Cover Plate,909,11909.19
5,2025,502207C01,Side Cover C01,674,6815.61
5,2025,502207E 01,Side Cover Casting E01 (HFB 82),238,2195.13
5,2025,50170115,Valve Housing HFB 64,333,4630.96
5,2025,501707C06,Valve Housing casting,243,7799.99
5,2025,501707C03,Valve Housing casting-C03,451,10801.99
5,2025,501707E 01,Valve housing casting  E01 (HFB82),377,2371.58
5,2025,500127C06,LH Housing C06,246,3902.63
5,2025,500127C14,LH Housing C14,505,10976.23
5,2025,50012110,LH Housing 64,80,4112.2
5,2025,5.00E+08,LH Housing -82,363,1396.16
5,2025,666,BB-106,231,1796.47
5,2025,F1826722,B.D. 6722,67,2727.61
5,2025,257542303705,TATA BRAKE DRUM 3705,1118,4429.21
5,2025,263242303723,TATA BRAKE DRUM 3723,83,9621.36
5,2025,F1875722,Brake Drum -5722,362,3845.07
5,2025,277642303701,TATA BRAKE DRUM 3701,312,3994.64
5,2025,5.01E+11,Brake Drum 3702,155,12602.24
5,2025,0031002662AC,Rear Cover-6662,229,6608.97
5,2025,10006813CC,Rear Cover-6813,617,7005.22
5,2025,300053048A,Sviwel Housing LH,443,6008.51
5,2025,300053049A,Sviwel Housing RH,523,8465.96
5,2025,300130461B,Housing Input Pinion,330,8490.09
5,2025,300130468A,Cover steering cylinder mounting,387,11155.2
5,2025,300130474A,Housing hub stub axle,339,7074.09
5,2025,300145985A,Housing Axle King Shaft,298,5528.55
5,2025,10039106AB,Front Axle Housing LH-106 AB,76,4005.13
5,2025,10039104AC,Front Axle Housing RH-104 AC,523,6386.93
5,2025,10039098AB,"Front Axle Housing RH  (10039098AB)
",141,6260.77
5,2025,300422630A,Housing Front Axle Cover LH-630,674,11408.54
5,2025,300422616A,Housing Front Axle Cover RH-640,696,7765.09
5,2025,300137705B,Housing Front Axle Cover LH-705,491,8267.74
5,2025,300130478B,Housing Front Axle Cover RH-478,642,11446.04
5,2025,10051257CB,Front Axle Housing,299,7626.66
5,2025,1A8252-42110,Hydarulic Housing,79,1015.67
5,2025,10071462AG,Integral Front Axle Bkt(Casting),229,9245.3
5,2025,5A8252-24701,COVER FRONT,279,6059.97
5,2025,5A8252-24240,COVER REAR,89,2716.91
5,2025,1A8252-43231-1,HEAD CYLINDER,472,7798.29
5,2025,1A8550-43210-1,HEAD CYLINDER-210,667,8799.79
5,2025,1A8252-47710,HINGE SUPPORT-8252,410,6923.95
5,2025,101281426000,Brake Drum -6000,448,9752.18
5,2025,101281426100,Brake Drum -6100,180,3158.94
5,2025,1SK-45870,HUB Tunring,472,9874.25
5,2025,(SE01B00G00037),Front Wheel hub Star Glow,559,1013.99
5,2025,4256730,HUB-118,426,2942.87
5,2025,4252073,HUB-316,413,7786.37
5,2025,4252752,HUB-454,184,10644.82
5,2025,4255058,HUB-770,157,2979.91
5,2025,10055248BB,ASSY FRONT AXLE HOUSING PADDY SPECIAL,384,10425.37
5,2025,1A8252-13760-1,"GEARBOX, FRONT L ECN",312,2252.26
5,2025,1A8252-13770-1,"GEARBOX, FRONT R ECN",309,3247.51
5,2025,300167935A,Center Beam Housing -584/935,175,3036.04
5,2025,XBY00222,Bracket Engine,93,4120.27
5,2025,300137702C,CENTER BEAM HSG - Casting,398,10205.55
5,2025,M31149S002,Fron Wheel Hub Champ,522,8121.47
5,2025,X1821622,Housing Oil Cooler,355,4931.57
5,2025,B3F01301,Flywheel Boss,180,338.57
5,2025,F4W03322,FSFB Bracket - 3322,489,10113.45
5,2025,F4W03222,FSFB Bracket - 3222,296,12071.48
5,2025,X6E04822,NODO BRACKET -ECO-4822,200,7376.98
5,2025,F6A07422,Spring bracket-7422,448,12415.73
5,2025,7125600,Wheel - Drive,159,689.03
5,2025,8829617,Dual adapter hub,258,3747.11
5,2025,29324690,Disc Actuating,90,12584.18
5,2025,IC0305854,EICHER BRAKE DRUM,115,7818.06
5,2025,277642303714,Brake Drum 3714,165,4980.36
5,2025,277642303707,Brake Drum 3707,258,4572.23
5,2025,66666,Trunnion Braket,292,4770.75
5,2025,1528137,Chart Casting Wheel -8137,111,4802.62
5,2025,1528138,Chart Casting Wheel -8138,275,11198.62
5,2025,516266681,Chart Casting Wheel -6681,82,8210
5,2025,8504786,Casting drive wheel,52,9981.03
5,2025,1524926,Hub Casting,226,12093.56
5,2025,8827231,Drive wheel -casting,471,952.74
5,2025,006050988V01,Fly Wheel 67 HP,441,9314.82
5,2025,907125600,Wheel - Drive,260,7317.35
5,2025,60000-01/018,"Brake Drum , 16.5X7, G3000b",407,3752.48
5,2025,X1505222,Pulley-5222,265,3249.82
5,2025,X1505122,Pulley-5122,207,10696.71
5,2025,006525415B01,Axle Carr LH,316,8678.23
5,2025,006525417B01,Axle Carr RH,285,377.7
5,2025,B3F16003,Fly Wheel -16003,290,11935.56
5,2025,5739980670,HYVA Bracket 670,457,9135.66
5,2025,3318C00701,Flywheel-701,219,7600.45
5,2025,H01XX417961701,Drive wheel,447,4895.97
5,2025,X6E04722,NODO BRACKET-ECO-4722,513,523.44
5,2025,FTF03022,Rear Dummy HUB-3222,485,6438.51
5,2025,F5N04822,Bracket -Engine Mounting-4822,454,5302.48
5,2025,A 400 322 05 01,Spring bracket -501,581,3019.65
5,2025,A 400 322 00 01,Spring bracket -0001,535,11705.49
5,2025,A 400 322 00 06,Spring bracket -0006,352,4067.77
5,2025,A4008911020,Bracket Bearing 1020,283,6851.55
5,2025,A4003220101,Spring bracket -0101,161,9555.87
5,2025,A400 891 09 20,Bracket Bearing 920,349,10947.04
6,2025,0503BA0290N-RK,ALFA HUB,147,5576.7
6,2025,0503BA0290N,Front Wheel Hub,450,8764.26
6,2025,0502BA1050N,Alfa Rear Wheel Hub LH,268,3831.67
6,2025,0502BA1060N,Alfa Rear Wheel Hub RH,280,10049.77
6,2025,0602AAB00260N,Brake Drum ALFA,337,6571.38
6,2025,0601AMJ00030N,Brake Drum -TREO,306,1229.08
6,2025,0601AAA00320N,B.D. E-Riksha,447,9923.36
6,2025,0601AED00170N,Brake Drum E-Rikshaw,514,2631.27
6,2025,0801AAA00960N,Clutch Housing LCC,106,1257.66
6,2025,006017472B92,Fly Wheel 3DI,151,9736.97
6,2025,006029533V91,Fly Wheel 3DI E1H1,505,7678.49
6,2025,006028861V92,475/575 4DI-NCRPTO,86,3698.71
6,2025,006028860V91,475/575 4DI-CRPTO,611,7860.2
6,2025,006022009B91,Fly Wheel Swraj,560,2478.08
6,2025,007903649B1,HUB(CRE),595,1450.19
6,2025,4D00322,BOSS BRAKCET,111,591.22
6,2025,005551418R8,F.A.S. (BP),362,1856.24
6,2025,F3S00100,Brake Drum 100,205,1285.82
6,2025,F8T00122,Brake Drum 122,218,7296.57
6,2025,F3S00222,Brake Drum 222,424,500.31
6,2025,F3S00422,Brake Drum 422,124,12099.59
6,2025,F8T01222,Brake Drum 1222,198,2537.07
6,2025,F8T02022,Brake Drum 2022,391,7425.92
6,2025,F1860822,BD (B) 1860822 -EDM,470,3933.62
6,2025,F1869022,BD F-1869022-EDM,290,8363.23
6,2025,F8T01922,Brake Drum 1922,673,5922.77
6,2025,F1879622,Brake Drum 9622,135,4572.24
6,2025,F1879722,Brake Drum 9722,502,9557.4
6,2025,F1869122,Brake Drum 9122,160,7502.28
6,2025,F3S00622,Brake Drum 622,483,812.88
6,2025,F5Z00120,Distence Pic Old 120,358,10744.31
6,2025,F5Z00112,Distence Pic Big 112,112,10394.53
6,2025,F1880122,Rear Hub 122,609,3772.22
6,2025,F1888822,Dummy Hub 822,392,7152.19
6,2025,F8S00622,Rear Hub-622,82,1526.99
6,2025,F1880222,Rear HUB-222,134,2952.22
6,2025,F8S01022,UB Hub 1022,113,2721.92
6,2025,FTF01222,UB Hub 1222,340,8813.36
6,2025,F1884622,Front Hub -622,83,9112.75
6,2025,F8S00922,UB Hub 922,452,5657.63
6,2025,F8S01322,Front HUB-1322,434,2552.96
6,2025,FTF01122,Hub 1122 MBP,406,3798.83
6,2025,FTF01022,Hub 1022 MBP,316,1135.99
6,2025,FTF03022,Rear Dummy HUB-3022,101,10759.28
6,2025,FH302622,Front Hub 2622 MBP,155,10494.81
6,2025,FTT02722,HUB-2722,534,647.11
6,2025,F3H01322,ARB FRAME MOUNTING BKT,236,10847.44
6,2025,F2R00122,SGM BKT-122,408,9227.81
6,2025,F8D01700,SGM BKT -1700,187,8041.04
6,2025,F-8D02722,SGM -2722,87,2838.43
6,2025,F8D01622,SGM -1622,287,6106.99
6,2025,F3H01122,ARB Axle M. BKt LH,451,9649.55
6,2025,F3H01222,ARB Axle M. BKt RH,185,1719.61
6,2025,B3F15503,Fly Wheel-503,343,3551.98
6,2025,B9805502,Flywheel Neptune,346,2159.34
6,2025,B2W02519,FIP Housing CB18,74,7076.54
6,2025,B2W01421,FIP Housing CB28,79,6235.29
6,2025,B2W01307,Fip Housing-1307,327,2973.18
6,2025,X1X00522,Thermostate Housing-522,770,5488.66
6,2025,X2H00622,T.G. Case,641,8454.87
6,2025,F7L09722,Rear Spring Bracket,286,7667.59
6,2025,F5F01822,AC Bracket -1822,232,8890.24
6,2025,F5F01722,AC Bracket -1722,428,2557.38
6,2025,F7Z05314,ATS BRACKET-5314,383,7791.78
6,2025,F7Z00122,ATS BRACKET-122,279,3140.99
6,2025,F7Z05414,ATS BRACKET-5414,552,2678.1
6,2025,F7Z10314,ATS BRACKET 10314,550,9600.97
6,2025,X6E03422,Nodo Bracket-3422,417,655.74
6,2025,X6E03522,Nodo Bracket-3522,90,7455.59
6,2025,X6E05222,Nodo Bracket-5222,160,8527.65
6,2025,X6E05122,Nodo Bracket-5122,318,9798.69
6,2025,330123920,Tata Cup Box,89,5052.53
6,2025,P3301201020,ACE RDE Box casting,293,2419.97
6,2025,330151420,Mega Ace,474,3351.94
6,2025,330134120,M&M 510,80,12495.75
6,2025,330134220V1,M&M 630,527,2580.8
6,2025,330931720,Cover Plate,921,11365.51
6,2025,502207C01,Side Cover C01,683,6504.46
6,2025,502207E 01,Side Cover Casting E01 (HFB 82),242,2094.92
6,2025,50170115,Valve Housing HFB 64,337,4419.55
6,2025,501707C06,Valve Housing casting,247,7443.9
6,2025,501707C03,Valve Housing casting-C03,457,10308.85
6,2025,501707E 01,Valve housing casting  E01 (HFB82),382,2263.31
6,2025,500127C06,LH Housing C06,250,3724.46
6,2025,500127C14,LH Housing C14,512,10475.14
6,2025,50012110,LH Housing 64,81,3924.47
6,2025,5.00E+08,LH Housing -82,368,1332.42
6,2025,666,BB-106,234,1714.45
6,2025,F1826722,B.D. 6722,68,2603.09
6,2025,257542303705,TATA BRAKE DRUM 3705,1133,4227
6,2025,263242303723,TATA BRAKE DRUM 3723,84,9182.12
6,2025,F1875722,Brake Drum -5722,367,3669.53
6,2025,277642303701,TATA BRAKE DRUM 3701,317,3812.27
6,2025,5.01E+11,Brake Drum 3702,157,12026.92
6,2025,0031002662AC,Rear Cover-6662,232,6307.25
6,2025,10006813CC,Rear Cover-6813,625,6685.41
6,2025,300053048A,Sviwel Housing LH,449,5734.21
6,2025,300053049A,Sviwel Housing RH,530,8079.47
6,2025,300130461B,Housing Input Pinion,334,8102.49
6,2025,300130468A,Cover steering cylinder mounting,393,10645.94
6,2025,300130474A,Housing hub stub axle,343,6751.14
6,2025,300145985A,Housing Axle King Shaft,302,5276.16
6,2025,10039106AB,Front Axle Housing LH-106 AB,77,3822.29
6,2025,10039104AC,Front Axle Housing RH-104 AC,530,6095.36
6,2025,10039098AB,"Front Axle Housing RH  (10039098AB)
",143,5974.95
6,2025,300422630A,Housing Front Axle Cover LH-630,683,10887.71
6,2025,300422616A,Housing Front Axle Cover RH-640,705,7410.6
6,2025,300137705B,Housing Front Axle Cover LH-705,498,7890.3
6,2025,300130478B,Housing Front Axle Cover RH-478,651,10923.5
6,2025,10051257CB,Front Axle Housing,303,7278.48
6,2025,1A8252-42110,Hydarulic Housing,80,969.3
6,2025,10071462AG,Integral Front Axle Bkt(Casting),232,8823.23
6,2025,5A8252-24701,COVER FRONT,283,5783.32
6,2025,5A8252-24240,COVER REAR,90,2592.87
6,2025,1A8252-43231-1,HEAD CYLINDER,478,7442.28
6,2025,1A8550-43210-1,HEAD CYLINDER-210,676,8398.06
6,2025,1A8252-47710,HINGE SUPPORT-8252,415,6607.86
6,2025,101281426000,Brake Drum -6000,454,9306.97
6,2025,101281426100,Brake Drum -6100,182,3014.72
6,2025,1SK-45870,HUB Tunring,478,9423.46
6,2025,(SE01B00G00037),Front Wheel hub Star Glow,566,967.7
6,2025,4256730,HUB-118,432,2808.52
6,2025,4252073,HUB-316,418,7430.9
6,2025,4252752,HUB-454,186,10158.86
6,2025,4255058,HUB-770,159,2843.87
6,2025,10055248BB,ASSY FRONT AXLE HOUSING PADDY SPECIAL,390,9949.43
6,2025,1A8252-13760-1,"GEARBOX, FRONT L ECN",317,2149.44
6,2025,1A8252-13770-1,"GEARBOX, FRONT R ECN",314,3099.26
6,2025,300167935A,Center Beam Housing -584/935,178,2897.44
6,2025,XBY00222,Bracket Engine,95,3932.17
6,2025,300137702C,CENTER BEAM HSG - Casting,403,9739.64
6,2025,M31149S002,Fron Wheel Hub Champ,529,7750.71
6,2025,X1821622,Housing Oil Cooler,360,4706.43
6,2025,B3F01301,Flywheel Boss,182,323.11
6,2025,F4W03322,FSFB Bracket - 3322,495,9651.75
6,2025,F4W03222,FSFB Bracket - 3222,300,11520.39
6,2025,X6E04822,NODO BRACKET -ECO-4822,203,7040.2
6,2025,F6A07422,Spring bracket-7422,454,11848.92
6,2025,7125600,Wheel - Drive,161,657.58
6,2025,8829617,Dual adapter hub,261,3576.05
6,2025,29324690,Disc Actuating,91,12009.68
6,2025,IC0305854,EICHER BRAKE DRUM,116,7461.15
6,2025,277642303714,Brake Drum 3714,168,4753
6,2025,277642303707,Brake Drum 3707,261,4363.49
6,2025,66666,Trunnion Braket,296,4552.95
6,2025,1528137,Chart Casting Wheel -8137,112,4583.37
6,2025,1528138,Chart Casting Wheel -8138,279,10687.38
6,2025,516266681,Chart Casting Wheel -6681,83,7835.2
6,2025,8504786,Casting drive wheel,52,9525.37
6,2025,1524926,Hub Casting,229,11541.46
6,2025,8827231,Drive wheel -casting,477,909.25
6,2025,006050988V01,Fly Wheel 67 HP,447,8889.58
6,2025,907125600,Wheel - Drive,263,6983.29
6,2025,60000-01/018,"Brake Drum , 16.5X7, G3000b",412,3581.17
6,2025,X1505222,Pulley-5222,268,3101.46
6,2025,X1505122,Pulley-5122,210,10208.38
6,2025,006525415B01,Axle Carr LH,321,8282.05
6,2025,006525417B01,Axle Carr RH,289,360.45
6,2025,B3F16003,Fly Wheel -16003,294,11390.68
6,2025,5739980670,HYVA Bracket 670,464,8718.59
6,2025,3318C00701,Flywheel-701,222,7253.47
6,2025,H01XX417961701,Drive wheel,453,4672.46
6,2025,X6E04722,NODO BRACKET-ECO-4722,520,499.54
6,2025,FTF03022,Rear Dummy HUB-3222,491,6144.58
6,2025,F5N04822,Bracket -Engine Mounting-4822,461,5060.41
6,2025,A 400 322 05 01,Spring bracket -501,589,2881.79
6,2025,A 400 322 00 01,Spring bracket -0001,542,11171.1
6,2025,A 400 322 00 06,Spring bracket -0006,357,3882.06
6,2025,A4008911020,Bracket Bearing 1020,287,6538.76
6,2025,A4003220101,Spring bracket -0101,163,9119.62
6,2025,A400 891 09 20,Bracket Bearing 920,354,10447.28
7,2025,0503BA0290N-RK,ALFA HUB,145,5535.73
7,2025,0503BA0290N,Front Wheel Hub,446,8699.88
7,2025,0502BA1050N,Alfa Rear Wheel Hub LH,266,3803.53
7,2025,0502BA1060N,Alfa Rear Wheel Hub RH,277,9975.94
7,2025,0602AAB00260N,Brake Drum ALFA,334,6523.11
7,2025,0601AMJ00030N,Brake Drum -TREO,303,1220.05
7,2025,0601AAA00320N,B.D. E-Riksha,443,9850.46
7,2025,0601AED00170N,Brake Drum E-Rikshaw,509,2611.94
7,2025,0801AAA00960N,Clutch Housing LCC,105,1248.42
7,2025,006017472B92,Fly Wheel 3DI,150,9665.44
7,2025,006029533V91,Fly Wheel 3DI E1H1,500,7622.08
7,2025,006028861V92,475/575 4DI-NCRPTO,85,3671.54
7,2025,006028860V91,475/575 4DI-CRPTO,604,7802.46
7,2025,006022009B91,Fly Wheel Swraj,554,2459.88
7,2025,007903649B1,HUB(CRE),589,1439.54
7,2025,4D00322,BOSS BRAKCET,110,586.87
7,2025,005551418R8,F.A.S. (BP),358,1842.6
7,2025,F3S00100,Brake Drum 100,202,1276.38
7,2025,F8T00122,Brake Drum 122,216,7242.97
7,2025,F3S00222,Brake Drum 222,419,496.63
7,2025,F3S00422,Brake Drum 422,123,12010.71
7,2025,F8T01222,Brake Drum 1222,196,2518.43
7,2025,F8T02022,Brake Drum 2022,387,7371.37
7,2025,F1860822,BD (B) 1860822 -EDM,465,3904.73
7,2025,F1869022,BD F-1869022-EDM,287,8301.8
7,2025,F8T01922,Brake Drum 1922,666,5879.26
7,2025,F1879622,Brake Drum 9622,133,4538.65
7,2025,F1879722,Brake Drum 9722,496,9487.19
7,2025,F1869122,Brake Drum 9122,159,7447.17
7,2025,F3S00622,Brake Drum 622,478,806.91
7,2025,F5Z00120,Distence Pic Old 120,354,10665.38
7,2025,F5Z00112,Distence Pic Big 112,111,10318.18
7,2025,F1880122,Rear Hub 122,602,3744.51
7,2025,F1888822,Dummy Hub 822,388,7099.65
7,2025,F8S00622,Rear Hub-622,81,1515.77
7,2025,F1880222,Rear HUB-222,132,2930.53
7,2025,F8S01022,UB Hub 1022,112,2701.92
7,2025,FTF01222,UB Hub 1222,337,8748.62
7,2025,F1884622,Front Hub -622,82,9045.81
7,2025,F8S00922,UB Hub 922,448,5616.07
7,2025,F8S01322,Front HUB-1322,429,2534.2
7,2025,FTF01122,Hub 1122 MBP,402,3770.92
7,2025,FTF01022,Hub 1022 MBP,312,1127.64
7,2025,FTF03022,Rear Dummy HUB-3022,100,10680.25
7,2025,FH302622,Front Hub 2622 MBP,154,10417.72
7,2025,FTT02722,HUB-2722,528,642.36
7,2025,F3H01322,ARB FRAME MOUNTING BKT,234,10767.75
7,2025,F2R00122,SGM BKT-122,404,9160.02
7,2025,F8D01700,SGM BKT -1700,185,7981.97
7,2025,F-8D02722,SGM -2722,86,2817.58
7,2025,F8D01622,SGM -1622,284,6062.13
7,2025,F3H01122,ARB Axle M. BKt LH,447,9578.66
7,2025,F3H01222,ARB Axle M. BKt RH,183,1706.97
7,2025,B3F15503,Fly Wheel-503,340,3525.89
7,2025,B9805502,Flywheel Neptune,343,2143.48
7,2025,B2W02519,FIP Housing CB18,73,7024.55
7,2025,B2W01421,FIP Housing CB28,78,6189.48
7,2025,B2W01307,Fip Housing-1307,324,2951.34
7,2025,X1X00522,Thermostate Housing-522,762,5448.34
7,2025,X2H00622,T.G. Case,635,8392.76
7,2025,F7L09722,Rear Spring Bracket,283,7611.27
7,2025,F5F01822,AC Bracket -1822,230,8824.94
7,2025,F5F01722,AC Bracket -1722,423,2538.6
7,2025,F7Z05314,ATS BRACKET-5314,379,7734.54
7,2025,F7Z00122,ATS BRACKET-122,276,3117.92
7,2025,F7Z05414,ATS BRACKET-5414,546,2658.43
7,2025,F7Z10314,ATS BRACKET 10314,544,9530.44
7,2025,X6E03422,Nodo Bracket-3422,413,650.93
7,2025,X6E03522,Nodo Bracket-3522,90,7400.83
7,2025,X6E05222,Nodo Bracket-5222,159,8465
7,2025,X6E05122,Nodo Bracket-5122,314,9726.71
7,2025,330123920,Tata Cup Box,89,5015.42
7,2025,P3301201020,ACE RDE Box casting,290,2402.19
7,2025,330151420,Mega Ace,469,3327.32
7,2025,330134120,M&M 510,79,12403.96
7,2025,330134220V1,M&M 630,522,2561.84
7,2025,330931720,Cover Plate,912,11282.02
7,2025,502207C01,Side Cover C01,676,6456.68
7,2025,502207E 01,Side Cover Casting E01 (HFB 82),239,2079.53
7,2025,50170115,Valve Housing HFB 64,334,4387.08
7,2025,501707C06,Valve Housing casting,244,7389.22
7,2025,501707C03,Valve Housing casting-C03,453,10233.13
7,2025,501707E 01,Valve housing casting  E01 (HFB82),378,2246.68
7,2025,500127C06,LH Housing C06,247,3697.1
7,2025,500127C14,LH Housing C14,507,10398.19
7,2025,50012110,LH Housing 64,80,3895.64
7,2025,5.00E+08,LH Housing -82,364,1322.63
7,2025,666,BB-106,232,1701.86
7,2025,F1826722,B.D. 6722,67,2583.96
7,2025,257542303705,TATA BRAKE DRUM 3705,1121,4195.95
7,2025,263242303723,TATA BRAKE DRUM 3723,83,9114.67
7,2025,F1875722,Brake Drum -5722,363,3642.58
7,2025,277642303701,TATA BRAKE DRUM 3701,313,3784.27
7,2025,5.01E+11,Brake Drum 3702,156,11938.57
7,2025,0031002662AC,Rear Cover-6662,230,6260.92
7,2025,10006813CC,Rear Cover-6813,619,6636.3
7,2025,300053048A,Sviwel Housing LH,445,5692.08
7,2025,300053049A,Sviwel Housing RH,525,8020.12
7,2025,300130461B,Housing Input Pinion,331,8042.98
7,2025,300130468A,Cover steering cylinder mounting,389,10567.74
7,2025,300130474A,Housing hub stub axle,340,6701.55
7,2025,300145985A,Housing Axle King Shaft,299,5237.4
7,2025,10039106AB,Front Axle Housing LH-106 AB,76,3794.21
7,2025,10039104AC,Front Axle Housing RH-104 AC,525,6050.58
7,2025,10039098AB,"Front Axle Housing RH  (10039098AB)
",141,5931.06
7,2025,300422630A,Housing Front Axle Cover LH-630,676,10807.73
7,2025,300422616A,Housing Front Axle Cover RH-640,698,7356.16
7,2025,300137705B,Housing Front Axle Cover LH-705,492,7832.34
7,2025,300130478B,Housing Front Axle Cover RH-478,644,10843.26
7,2025,10051257CB,Front Axle Housing,300,7225.02
7,2025,1A8252-42110,Hydarulic Housing,79,962.18
7,2025,10071462AG,Integral Front Axle Bkt(Casting),230,8758.42
7,2025,5A8252-24701,COVER FRONT,280,5740.84
7,2025,5A8252-24240,COVER REAR,90,2573.83
7,2025,1A8252-43231-1,HEAD CYLINDER,473,7387.61
7,2025,1A8550-43210-1,HEAD CYLINDER-210,669,8336.37
7,2025,1A8252-47710,HINGE SUPPORT-8252,411,6559.32
7,2025,101281426000,Brake Drum -6000,450,9238.61
7,2025,101281426100,Brake Drum -6100,180,2992.58
7,2025,1SK-45870,HUB Tunring,473,9354.24
7,2025,(SE01B00G00037),Front Wheel hub Star Glow,561,960.59
7,2025,4256730,HUB-118,427,2787.89
7,2025,4252073,HUB-316,414,7376.32
7,2025,4252752,HUB-454,184,10084.23
7,2025,4255058,HUB-770,158,2822.98
7,2025,10055248BB,ASSY FRONT AXLE HOUSING PADDY SPECIAL,386,9876.34
7,2025,1A8252-13760-1,"GEARBOX, FRONT L ECN",313,2133.65
7,2025,1A8252-13770-1,"GEARBOX, FRONT R ECN",310,3076.49
7,2025,300167935A,Center Beam Housing -584/935,176,2876.16
7,2025,XBY00222,Bracket Engine,94,3903.29
7,2025,300137702C,CENTER BEAM HSG - Casting,399,9668.1
7,2025,M31149S002,Fron Wheel Hub Champ,524,7693.77
7,2025,X1821622,Housing Oil Cooler,356,4671.86
7,2025,B3F01301,Flywheel Boss,180,320.74
7,2025,F4W03322,FSFB Bracket - 3322,490,9580.85
7,2025,F4W03222,FSFB Bracket - 3222,297,11435.76
7,2025,X6E04822,NODO BRACKET -ECO-4822,200,6988.49
7,2025,F6A07422,Spring bracket-7422,450,11761.88
7,2025,7125600,Wheel - Drive,160,652.75
7,2025,8829617,Dual adapter hub,258,3549.78
7,2025,29324690,Disc Actuating,91,11921.46
7,2025,IC0305854,EICHER BRAKE DRUM,115,7406.34
7,2025,277642303714,Brake Drum 3714,166,4718.08
7,2025,277642303707,Brake Drum 3707,258,4331.44
7,2025,66666,Trunnion Braket,293,4519.51
7,2025,1528137,Chart Casting Wheel -8137,111,4549.7
7,2025,1528138,Chart Casting Wheel -8138,276,10608.87
7,2025,516266681,Chart Casting Wheel -6681,82,7777.64
7,2025,8504786,Casting drive wheel,52,9455.4
7,2025,1524926,Hub Casting,227,11456.67
7,2025,8827231,Drive wheel -casting,472,902.57
7,2025,006050988V01,Fly Wheel 67 HP,443,8824.28
7,2025,907125600,Wheel - Drive,260,6931.99
7,2025,60000-01/018,"Brake Drum , 16.5X7, G3000b",408,3554.86
7,2025,X1505222,Pulley-5222,266,3078.68
7,2025,X1505122,Pulley-5122,208,10133.39
7,2025,006525415B01,Axle Carr LH,317,8221.21
7,2025,006525417B01,Axle Carr RH,286,357.81
7,2025,B3F16003,Fly Wheel -16003,291,11307
7,2025,5739980670,HYVA Bracket 670,459,8654.55
7,2025,3318C00701,Flywheel-701,220,7200.19
7,2025,H01XX417961701,Drive wheel,449,4638.14
7,2025,X6E04722,NODO BRACKET-ECO-4722,515,495.87
7,2025,FTF03022,Rear Dummy HUB-3222,486,6099.44
7,2025,F5N04822,Bracket -Engine Mounting-4822,456,5023.24
7,2025,A 400 322 05 01,Spring bracket -501,583,2860.63
7,2025,A 400 322 00 01,Spring bracket -0001,536,11089.04
7,2025,A 400 322 00 06,Spring bracket -0006,353,3853.55
7,2025,A4008911020,Bracket Bearing 1020,284,6490.73
7,2025,A4003220101,Spring bracket -0101,162,9052.63
7,2025,A400 891 09 20,Bracket Bearing 920,350,10370.53
8,2025,0503BA0290N-RK,ALFA HUB,146,5496.85
8,2025,0503BA0290N,Front Wheel Hub,446,8638.78
8,2025,0502BA1050N,Alfa Rear Wheel Hub LH,266,3776.82
8,2025,0502BA1060N,Alfa Rear Wheel Hub RH,277,9905.88
8,2025,0602AAB00260N,Brake Drum ALFA,334,6477.3
8,2025,0601AMJ00030N,Brake Drum -TREO,304,1211.48
8,2025,0601AAA00320N,B.D. E-Riksha,443,9781.28
8,2025,0601AED00170N,Brake Drum E-Rikshaw,510,2593.6
8,2025,0801AAA00960N,Clutch Housing LCC,105,1239.65
8,2025,006017472B92,Fly Wheel 3DI,150,9597.56
8,2025,006029533V91,Fly Wheel 3DI E1H1,500,7568.56
8,2025,006028861V92,475/575 4DI-NCRPTO,86,3645.76
8,2025,006028860V91,475/575 4DI-CRPTO,605,7747.67
8,2025,006022009B91,Fly Wheel Swraj,556,2442.61
8,2025,007903649B1,HUB(CRE),590,1429.43
8,2025,4D00322,BOSS BRAKCET,110,582.75
8,2025,005551418R8,F.A.S. (BP),359,1829.66
8,2025,F3S00100,Brake Drum 100,203,1267.41
8,2025,F8T00122,Brake Drum 122,216,7192.11
8,2025,F3S00222,Brake Drum 222,420,493.14
8,2025,F3S00422,Brake Drum 422,123,11926.36
8,2025,F8T01222,Brake Drum 1222,197,2500.75
8,2025,F8T02022,Brake Drum 2022,387,7319.6
8,2025,F1860822,BD (B) 1860822 -EDM,466,3877.3
8,2025,F1869022,BD F-1869022-EDM,287,8243.5
8,2025,F8T01922,Brake Drum 1922,668,5837.97
8,2025,F1879622,Brake Drum 9622,134,4506.78
8,2025,F1879722,Brake Drum 9722,497,9420.57
8,2025,F1869122,Brake Drum 9122,159,7394.87
8,2025,F3S00622,Brake Drum 622,479,801.25
8,2025,F5Z00120,Distence Pic Old 120,355,10590.48
8,2025,F5Z00112,Distence Pic Big 112,111,10245.71
8,2025,F1880122,Rear Hub 122,603,3718.21
8,2025,F1888822,Dummy Hub 822,388,7049.8
8,2025,F8S00622,Rear Hub-622,82,1505.13
8,2025,F1880222,Rear HUB-222,133,2909.95
8,2025,F8S01022,UB Hub 1022,112,2682.95
8,2025,FTF01222,UB Hub 1222,337,8687.18
8,2025,F1884622,Front Hub -622,83,8982.28
8,2025,F8S00922,UB Hub 922,449,5576.63
8,2025,F8S01322,Front HUB-1322,430,2516.41
8,2025,FTF01122,Hub 1122 MBP,403,3744.44
8,2025,FTF01022,Hub 1022 MBP,313,1119.72
8,2025,FTF03022,Rear Dummy HUB-3022,100,10605.24
8,2025,FH302622,Front Hub 2622 MBP,154,10344.56
8,2025,FTT02722,HUB-2722,529,637.85
8,2025,F3H01322,ARB FRAME MOUNTING BKT,234,10692.13
8,2025,F2R00122,SGM BKT-122,405,9095.69
8,2025,F8D01700,SGM BKT -1700,186,7925.91
8,2025,F-8D02722,SGM -2722,87,2797.79
8,2025,F8D01622,SGM -1622,284,6019.55
8,2025,F3H01122,ARB Axle M. BKt LH,447,9511.39
8,2025,F3H01222,ARB Axle M. BKt RH,183,1694.99
8,2025,B3F15503,Fly Wheel-503,340,3501.12
8,2025,B9805502,Flywheel Neptune,344,2128.42
8,2025,B2W02519,FIP Housing CB18,73,6975.22
8,2025,B2W01421,FIP Housing CB28,78,6146.02
8,2025,B2W01307,Fip Housing-1307,324,2930.61
8,2025,X1X00522,Thermostate Housing-522,763,5410.08
8,2025,X2H00622,T.G. Case,636,8333.82
8,2025,F7L09722,Rear Spring Bracket,283,7557.82
8,2025,F5F01822,AC Bracket -1822,230,8762.96
8,2025,F5F01722,AC Bracket -1722,424,2520.77
8,2025,F7Z05314,ATS BRACKET-5314,380,7680.22
8,2025,F7Z00122,ATS BRACKET-122,276,3096.02
8,2025,F7Z05414,ATS BRACKET-5414,547,2639.76
8,2025,F7Z10314,ATS BRACKET 10314,545,9463.51
8,2025,X6E03422,Nodo Bracket-3422,414,646.36
8,2025,X6E03522,Nodo Bracket-3522,90,7348.85
8,2025,X6E05222,Nodo Bracket-5222,159,8405.56
8,2025,X6E05122,Nodo Bracket-5122,315,9658.4
8,2025,330123920,Tata Cup Box,89,4980.2
8,2025,P3301201020,ACE RDE Box casting,291,2385.32
8,2025,330151420,Mega Ace,470,3303.95
8,2025,330134120,M&M 510,80,12316.85
8,2025,330134220V1,M&M 630,523,2543.85
8,2025,330931720,Cover Plate,913,11202.79
8,2025,502207C01,Side Cover C01,677,6411.33
8,2025,502207E 01,Side Cover Casting E01 (HFB 82),240,2064.93
8,2025,50170115,Valve Housing HFB 64,334,4356.27
8,2025,501707C06,Valve Housing casting,245,7337.33
8,2025,501707C03,Valve Housing casting-C03,454,10161.26
8,2025,501707E 01,Valve housing casting  E01 (HFB82),379,2230.91
8,2025,500127C06,LH Housing C06,248,3671.14
8,2025,500127C14,LH Housing C14,508,10325.17
8,2025,50012110,LH Housing 64,81,3868.28
8,2025,5.00E+08,LH Housing -82,365,1313.34
8,2025,666,BB-106,232,1689.91
8,2025,F1826722,B.D. 6722,67,2565.82
8,2025,257542303705,TATA BRAKE DRUM 3705,1123,4166.48
8,2025,263242303723,TATA BRAKE DRUM 3723,84,9050.66
8,2025,F1875722,Brake Drum -5722,364,3617
8,2025,277642303701,TATA BRAKE DRUM 3701,314,3757.69
8,2025,5.01E+11,Brake Drum 3702,156,11854.73
8,2025,0031002662AC,Rear Cover-6662,230,6216.95
8,2025,10006813CC,Rear Cover-6813,620,6589.7
8,2025,300053048A,Sviwel Housing LH,445,5652.11
8,2025,300053049A,Sviwel Housing RH,526,7963.8
8,2025,300130461B,Housing Input Pinion,331,7986.49
8,2025,300130468A,Cover steering cylinder mounting,389,10493.52
8,2025,300130474A,Housing hub stub axle,340,6654.48
8,2025,300145985A,Housing Axle King Shaft,300,5200.62
8,2025,10039106AB,Front Axle Housing LH-106 AB,76,3767.56
8,2025,10039104AC,Front Axle Housing RH-104 AC,526,6008.09
8,2025,10039098AB,"Front Axle Housing RH  (10039098AB)
",142,5889.41
8,2025,300422630A,Housing Front Axle Cover LH-630,677,10731.83
8,2025,300422616A,Housing Front Axle Cover RH-640,699,7304.5
8,2025,300137705B,Housing Front Axle Cover LH-705,493,7777.33
8,2025,300130478B,Housing Front Axle Cover RH-478,645,10767.11
8,2025,10051257CB,Front Axle Housing,301,7174.28
8,2025,1A8252-42110,Hydarulic Housing,80,955.42
8,2025,10071462AG,Integral Front Axle Bkt(Casting),230,8696.91
8,2025,5A8252-24701,COVER FRONT,280,5700.52
8,2025,5A8252-24240,COVER REAR,90,2555.75
8,2025,1A8252-43231-1,HEAD CYLINDER,474,7335.73
8,2025,1A8550-43210-1,HEAD CYLINDER-210,671,8277.82
8,2025,1A8252-47710,HINGE SUPPORT-8252,412,6513.25
8,2025,101281426000,Brake Drum -6000,451,9173.73
8,2025,101281426100,Brake Drum -6100,180,2971.56
8,2025,1SK-45870,HUB Tunring,474,9288.55
8,2025,(SE01B00G00037),Front Wheel hub Star Glow,562,953.84
8,2025,4256730,HUB-118,428,2768.31
8,2025,4252073,HUB-316,415,7324.51
8,2025,4252752,HUB-454,185,10013.41
8,2025,4255058,HUB-770,158,2803.15
8,2025,10055248BB,ASSY FRONT AXLE HOUSING PADDY SPECIAL,386,9806.98
8,2025,1A8252-13760-1,"GEARBOX, FRONT L ECN",314,2118.66
8,2025,1A8252-13770-1,"GEARBOX, FRONT R ECN",311,3054.88
8,2025,300167935A,Center Beam Housing -584/935,176,2855.96
8,2025,XBY00222,Bracket Engine,94,3875.88
8,2025,300137702C,CENTER BEAM HSG - Casting,400,9600.2
8,2025,M31149S002,Fron Wheel Hub Champ,525,7639.74
8,2025,X1821622,Housing Oil Cooler,357,4639.05
8,2025,B3F01301,Flywheel Boss,180,318.49
8,2025,F4W03322,FSFB Bracket - 3322,491,9513.57
8,2025,F4W03222,FSFB Bracket - 3222,298,11355.45
8,2025,X6E04822,NODO BRACKET -ECO-4822,201,6939.41
8,2025,F6A07422,Spring bracket-7422,451,11679.28
8,2025,7125600,Wheel - Drive,160,648.16
8,2025,8829617,Dual adapter hub,259,3524.85
8,2025,29324690,Disc Actuating,91,11837.74
8,2025,IC0305854,EICHER BRAKE DRUM,115,7354.33
8,2025,277642303714,Brake Drum 3714,166,4684.95
8,2025,277642303707,Brake Drum 3707,259,4301.02
8,2025,66666,Trunnion Braket,294,4487.77
8,2025,1528137,Chart Casting Wheel -8137,111,4517.75
8,2025,1528138,Chart Casting Wheel -8138,276,10534.37
8,2025,516266681,Chart Casting Wheel -6681,83,7723.02
8,2025,8504786,Casting drive wheel,52,9389
8,2025,1524926,Hub Casting,227,11376.22
8,2025,8827231,Drive wheel -casting,473,896.23
8,2025,006050988V01,Fly Wheel 67 HP,443,8762.31
8,2025,907125600,Wheel - Drive,261,6883.31
8,2025,60000-01/018,"Brake Drum , 16.5X7, G3000b",409,3529.9
8,2025,X1505222,Pulley-5222,266,3057.06
8,2025,X1505122,Pulley-5122,208,10062.23
8,2025,006525415B01,Axle Carr LH,318,8163.48
8,2025,006525417B01,Axle Carr RH,286,355.29
8,2025,B3F16003,Fly Wheel -16003,292,11227.6
8,2025,5739980670,HYVA Bracket 670,460,8593.77
8,2025,3318C00701,Flywheel-701,220,7149.62
8,2025,H01XX417961701,Drive wheel,450,4605.56
8,2025,X6E04722,NODO BRACKET-ECO-4722,516,492.39
8,2025,FTF03022,Rear Dummy HUB-3222,487,6056.61
8,2025,F5N04822,Bracket -Engine Mounting-4822,457,4987.96
8,2025,A 400 322 05 01,Spring bracket -501,584,2840.54
8,2025,A 400 322 00 01,Spring bracket -0001,537,11011.16
8,2025,A 400 322 00 06,Spring bracket -0006,354,3826.48
8,2025,A4008911020,Bracket Bearing 1020,284,6445.14
8,2025,A4003220101,Spring bracket -0101,162,8989.05
8,2025,A400 891 09 20,Bracket Bearing 920,351,10297.7
9,2025,0503BA0290N-RK,ALFA HUB,156,5891.26
9,2025,0503BA0290N,Front Wheel Hub,478,9258.62
9,2025,0502BA1050N,Alfa Rear Wheel Hub LH,285,4047.81
9,2025,0502BA1060N,Alfa Rear Wheel Hub RH,297,10616.64
9,2025,0602AAB00260N,Brake Drum ALFA,358,6942.05
9,2025,0601AMJ00030N,Brake Drum -TREO,325,1298.41
9,2025,0601AAA00320N,B.D. E-Riksha,475,10483.1
9,2025,0601AED00170N,Brake Drum E-Rikshaw,546,2779.69
9,2025,0801AAA00960N,Clutch Housing LCC,112,1328.6
9,2025,006017472B92,Fly Wheel 3DI,161,10286.2
9,2025,006029533V91,Fly Wheel 3DI E1H1,536,8111.61
9,2025,006028861V92,475/575 4DI-NCRPTO,92,3907.35
9,2025,006028860V91,475/575 4DI-CRPTO,649,8303.57
9,2025,006022009B91,Fly Wheel Swraj,595,2617.87
9,2025,007903649B1,HUB(CRE),632,1532
9,2025,4D00322,BOSS BRAKCET,118,624.57
9,2025,005551418R8,F.A.S. (BP),384,1960.94
9,2025,F3S00100,Brake Drum 100,217,1358.35
9,2025,F8T00122,Brake Drum 122,231,7708.15
9,2025,F3S00222,Brake Drum 222,450,528.53
9,2025,F3S00422,Brake Drum 422,132,12782.09
9,2025,F8T01222,Brake Drum 1222,211,2680.18
9,2025,F8T02022,Brake Drum 2022,415,7844.79
9,2025,F1860822,BD (B) 1860822 -EDM,499,4155.5
9,2025,F1869022,BD F-1869022-EDM,308,8834.98
9,2025,F8T01922,Brake Drum 1922,715,6256.85
9,2025,F1879622,Brake Drum 9622,143,4830.15
9,2025,F1879722,Brake Drum 9722,533,10096.5
9,2025,F1869122,Brake Drum 9122,170,7925.46
9,2025,F3S00622,Brake Drum 622,513,858.74
9,2025,F5Z00120,Distence Pic Old 120,380,11350.36
9,2025,F5Z00112,Distence Pic Big 112,119,10980.85
9,2025,F1880122,Rear Hub 122,646,3984.99
9,2025,F1888822,Dummy Hub 822,416,7555.63
9,2025,F8S00622,Rear Hub-622,87,1613.12
9,2025,F1880222,Rear HUB-222,142,3118.74
9,2025,F8S01022,UB Hub 1022,120,2875.45
9,2025,FTF01222,UB Hub 1222,361,9310.49
9,2025,F1884622,Front Hub -622,88,9626.77
9,2025,F8S00922,UB Hub 922,480,5976.75
9,2025,F8S01322,Front HUB-1322,461,2696.96
9,2025,FTF01122,Hub 1122 MBP,431,4013.11
9,2025,FTF01022,Hub 1022 MBP,335,1200.06
9,2025,FTF03022,Rear Dummy HUB-3022,107,11366.18
9,2025,FH302622,Front Hub 2622 MBP,165,11086.79
9,2025,FTT02722,HUB-2722,567,683.61
9,2025,F3H01322,ARB FRAME MOUNTING BKT,251,11459.3
9,2025,F2R00122,SGM BKT-122,433,9748.32
9,2025,F8D01700,SGM BKT -1700,199,8494.6
9,2025,F-8D02722,SGM -2722,93,2998.53
9,2025,F8D01622,SGM -1622,305,6451.46
9,2025,F3H01122,ARB Axle M. BKt LH,479,10193.85
9,2025,F3H01222,ARB Axle M. BKt RH,197,1816.6
9,2025,B3F15503,Fly Wheel-503,365,3752.33
9,2025,B9805502,Flywheel Neptune,368,2281.14
9,2025,B2W02519,FIP Housing CB18,79,7475.7
9,2025,B2W01421,FIP Housing CB28,84,6587
9,2025,B2W01307,Fip Housing-1307,347,3140.89
9,2025,X1X00522,Thermostate Housing-522,818,5798.26
9,2025,X2H00622,T.G. Case,681,8931.78
9,2025,F7L09722,Rear Spring Bracket,304,8100.1
9,2025,F5F01822,AC Bracket -1822,247,9391.71
9,2025,F5F01722,AC Bracket -1722,454,2701.64
9,2025,F7Z05314,ATS BRACKET-5314,407,8231.29
9,2025,F7Z00122,ATS BRACKET-122,296,3318.17
9,2025,F7Z05414,ATS BRACKET-5414,586,2829.16
9,2025,F7Z10314,ATS BRACKET 10314,584,10142.53
9,2025,X6E03422,Nodo Bracket-3422,443,692.73
9,2025,X6E03522,Nodo Bracket-3522,96,7876.14
9,2025,X6E05222,Nodo Bracket-5222,170,9008.66
9,2025,X6E05122,Nodo Bracket-5122,337,10351.4
9,2025,330123920,Tata Cup Box,95,5337.53
9,2025,P3301201020,ACE RDE Box casting,311,2556.47
9,2025,330151420,Mega Ace,503,3541.02
9,2025,330134120,M&M 510,85,13200.6
9,2025,330134220V1,M&M 630,560,2726.37
9,2025,330931720,Cover Plate,978,12006.6
9,2025,502207C01,Side Cover C01,725,6871.35
9,2025,502207E 01,Side Cover Casting E01 (HFB 82),257,2213.09
9,2025,50170115,Valve Housing HFB 64,358,4668.84
9,2025,501707C06,Valve Housing casting,262,7863.79
9,2025,501707C03,Valve Housing casting-C03,486,10890.34
9,2025,501707E 01,Valve housing casting  E01 (HFB82),406,2390.98
9,2025,500127C06,LH Housing C06,265,3934.55
9,2025,500127C14,LH Housing C14,544,11066.01
9,2025,50012110,LH Housing 64,86,4145.83
9,2025,5.00E+08,LH Housing -82,391,1407.58
9,2025,666,BB-106,249,1811.16
9,2025,F1826722,B.D. 6722,72,2749.92
9,2025,257542303705,TATA BRAKE DRUM 3705,1203,4465.43
9,2025,263242303723,TATA BRAKE DRUM 3723,90,9700.06
9,2025,F1875722,Brake Drum -5722,390,3876.52
9,2025,277642303701,TATA BRAKE DRUM 3701,336,4027.31
9,2025,5.01E+11,Brake Drum 3702,167,12705.32
9,2025,0031002662AC,Rear Cover-6662,247,6663.02
9,2025,10006813CC,Rear Cover-6813,664,7062.52
9,2025,300053048A,Sviwel Housing LH,477,6057.66
9,2025,300053049A,Sviwel Housing RH,563,8535.21
9,2025,300130461B,Housing Input Pinion,355,8559.53
9,2025,300130468A,Cover steering cylinder mounting,417,11246.45
9,2025,300130474A,Housing hub stub axle,365,7131.95
9,2025,300145985A,Housing Axle King Shaft,321,5573.77
9,2025,10039106AB,Front Axle Housing LH-106 AB,82,4037.89
9,2025,10039104AC,Front Axle Housing RH-104 AC,563,6439.17
9,2025,10039098AB,"Front Axle Housing RH  (10039098AB)
",152,6311.98
9,2025,300422630A,Housing Front Axle Cover LH-630,725,11501.85
9,2025,300422616A,Housing Front Axle Cover RH-640,749,7828.6
9,2025,300137705B,Housing Front Axle Cover LH-705,528,8335.36
9,2025,300130478B,Housing Front Axle Cover RH-478,691,11539.66
9,2025,10051257CB,Front Axle Housing,322,7689.04
9,2025,1A8252-42110,Hydarulic Housing,85,1023.97
9,2025,10071462AG,Integral Front Axle Bkt(Casting),247,9320.92
9,2025,5A8252-24701,COVER FRONT,300,6109.54
9,2025,5A8252-24240,COVER REAR,96,2739.13
9,2025,1A8252-43231-1,HEAD CYLINDER,508,7862.08
9,2025,1A8550-43210-1,HEAD CYLINDER-210,718,8871.76
9,2025,1A8252-47710,HINGE SUPPORT-8252,441,6980.58
9,2025,101281426000,Brake Drum -6000,483,9831.95
9,2025,101281426100,Brake Drum -6100,193,3184.78
9,2025,1SK-45870,HUB Tunring,508,9955.01
9,2025,(SE01B00G00037),Front Wheel hub Star Glow,602,1022.28
9,2025,4256730,HUB-118,459,2966.94
9,2025,4252073,HUB-316,444,7850.06
9,2025,4252752,HUB-454,198,10731.89
9,2025,4255058,HUB-770,169,3004.28
9,2025,10055248BB,ASSY FRONT AXLE HOUSING PADDY SPECIAL,414,10510.64
9,2025,1A8252-13760-1,"GEARBOX, FRONT L ECN",336,2270.68
9,2025,1A8252-13770-1,"GEARBOX, FRONT R ECN",333,3274.07
9,2025,300167935A,Center Beam Housing -584/935,189,3060.88
9,2025,XBY00222,Bracket Engine,100,4153.97
9,2025,300137702C,CENTER BEAM HSG - Casting,428,10289.02
9,2025,M31149S002,Fron Wheel Hub Champ,562,8187.9
9,2025,X1821622,Housing Oil Cooler,382,4971.9
9,2025,B3F01301,Flywheel Boss,193,341.34
9,2025,F4W03322,FSFB Bracket - 3322,526,10196.17
9,2025,F4W03222,FSFB Bracket - 3222,319,12170.21
9,2025,X6E04822,NODO BRACKET -ECO-4822,215,7437.32
9,2025,F6A07422,Spring bracket-7422,483,12517.28
9,2025,7125600,Wheel - Drive,171,694.67
9,2025,8829617,Dual adapter hub,277,3777.76
9,2025,29324690,Disc Actuating,97,12687.11
9,2025,IC0305854,EICHER BRAKE DRUM,123,7882.01
9,2025,277642303714,Brake Drum 3714,178,5021.1
9,2025,277642303707,Brake Drum 3707,277,4609.62
9,2025,66666,Trunnion Braket,314,4809.77
9,2025,1528137,Chart Casting Wheel -8137,119,4841.9
9,2025,1528138,Chart Casting Wheel -8138,296,11290.22
9,2025,516266681,Chart Casting Wheel -6681,88,8277.15
9,2025,8504786,Casting drive wheel,56,10062.67
9,2025,1524926,Hub Casting,243,12192.47
9,2025,8827231,Drive wheel -casting,507,960.54
9,2025,006050988V01,Fly Wheel 67 HP,475,9391.01
9,2025,907125600,Wheel - Drive,280,7377.2
9,2025,60000-01/018,"Brake Drum , 16.5X7, G3000b",438,3783.17
9,2025,X1505222,Pulley-5222,285,3276.4
9,2025,X1505122,Pulley-5122,223,10784.21
9,2025,006525415B01,Axle Carr LH,341,8749.22
9,2025,006525417B01,Axle Carr RH,307,380.79
9,2025,B3F16003,Fly Wheel -16003,312,12033.19
9,2025,5739980670,HYVA Bracket 670,492,9210.38
9,2025,3318C00701,Flywheel-701,236,7662.61
9,2025,H01XX417961701,Drive wheel,482,4936.02
9,2025,X6E04722,NODO BRACKET-ECO-4722,552,527.72
9,2025,FTF03022,Rear Dummy HUB-3222,522,6491.17
9,2025,F5N04822,Bracket -Engine Mounting-4822,489,5345.85
9,2025,A 400 322 05 01,Spring bracket -501,626,3044.35
9,2025,A 400 322 00 01,Spring bracket -0001,575,11801.23
9,2025,A 400 322 00 06,Spring bracket -0006,379,4101.04
9,2025,A4008911020,Bracket Bearing 1020,305,6907.59
9,2025,A4003220101,Spring bracket -0101,174,9634.03
9,2025,A400 891 09 20,Bracket Bearing 920,376,11036.57
10,2025,0503BA0290N-RK,ALFA HUB,136,5390.62
10,2025,0503BA0290N,Front Wheel Hub,417,8471.83
10,2025,0502BA1050N,Alfa Rear Wheel Hub LH,248,3703.82
10,2025,0502BA1060N,Alfa Rear Wheel Hub RH,259,9714.44
10,2025,0602AAB00260N,Brake Drum ALFA,312,6352.12
10,2025,0601AMJ00030N,Brake Drum -TREO,284,1188.07
10,2025,0601AAA00320N,B.D. E-Riksha,414,9592.25
10,2025,0601AED00170N,Brake Drum E-Rikshaw,476,2543.47
10,2025,0801AAA00960N,Clutch Housing LCC,98,1215.69
10,2025,006017472B92,Fly Wheel 3DI,140,9412.08
10,2025,006029533V91,Fly Wheel 3DI E1H1,467,7422.29
10,2025,006028861V92,475/575 4DI-NCRPTO,80,3575.3
10,2025,006028860V91,475/575 4DI-CRPTO,565,7597.94
10,2025,006022009B91,Fly Wheel Swraj,519,2395.4
10,2025,007903649B1,HUB(CRE),551,1401.81
10,2025,4D00322,BOSS BRAKCET,103,571.49
10,2025,005551418R8,F.A.S. (BP),335,1794.3
10,2025,F3S00100,Brake Drum 100,189,1242.92
10,2025,F8T00122,Brake Drum 122,202,7053.12
10,2025,F3S00222,Brake Drum 222,392,483.61
10,2025,F3S00422,Brake Drum 422,115,11695.87
10,2025,F8T01222,Brake Drum 1222,184,2452.42
10,2025,F8T02022,Brake Drum 2022,362,7178.15
10,2025,F1860822,BD (B) 1860822 -EDM,435,3802.37
10,2025,F1869022,BD F-1869022-EDM,268,8084.18
10,2025,F8T01922,Brake Drum 1922,623,5725.15
10,2025,F1879622,Brake Drum 9622,125,4419.68
10,2025,F1879722,Brake Drum 9722,465,9238.5
10,2025,F1869122,Brake Drum 9122,148,7251.96
10,2025,F3S00622,Brake Drum 622,447,785.76
10,2025,F5Z00120,Distence Pic Old 120,331,10385.81
10,2025,F5Z00112,Distence Pic Big 112,104,10047.71
10,2025,F1880122,Rear Hub 122,564,3646.35
10,2025,F1888822,Dummy Hub 822,363,6913.55
10,2025,F8S00622,Rear Hub-622,76,1476.04
10,2025,F1880222,Rear HUB-222,124,2853.71
10,2025,F8S01022,UB Hub 1022,105,2631.1
10,2025,FTF01222,UB Hub 1222,315,8519.29
10,2025,F1884622,Front Hub -622,77,8808.69
10,2025,F8S00922,UB Hub 922,419,5468.85
10,2025,F8S01322,Front HUB-1322,402,2467.77
10,2025,FTF01122,Hub 1122 MBP,376,3672.08
10,2025,FTF01022,Hub 1022 MBP,292,1098.08
10,2025,FTF03022,Rear Dummy HUB-3022,93,10400.29
10,2025,FH302622,Front Hub 2622 MBP,144,10144.64
10,2025,FTT02722,HUB-2722,494,625.52
10,2025,F3H01322,ARB FRAME MOUNTING BKT,219,10485.5
10,2025,F2R00122,SGM BKT-122,378,8919.91
10,2025,F8D01700,SGM BKT -1700,173,7772.74
10,2025,F-8D02722,SGM -2722,81,2743.72
10,2025,F8D01622,SGM -1622,266,5903.22
10,2025,F3H01122,ARB Axle M. BKt LH,418,9327.58
10,2025,F3H01222,ARB Axle M. BKt RH,171,1662.23
10,2025,B3F15503,Fly Wheel-503,318,3433.46
10,2025,B9805502,Flywheel Neptune,321,2087.29
10,2025,B2W02519,FIP Housing CB18,69,6840.42
10,2025,B2W01421,FIP Housing CB28,73,6027.24
10,2025,B2W01307,Fip Housing-1307,303,2873.97
10,2025,X1X00522,Thermostate Housing-522,713,5305.53
10,2025,X2H00622,T.G. Case,594,8172.76
10,2025,F7L09722,Rear Spring Bracket,265,7411.75
10,2025,F5F01822,AC Bracket -1822,215,8593.61
10,2025,F5F01722,AC Bracket -1722,396,2472.05
10,2025,F7Z05314,ATS BRACKET-5314,355,7531.8
10,2025,F7Z00122,ATS BRACKET-122,258,3036.19
10,2025,F7Z05414,ATS BRACKET-5414,511,2588.74
10,2025,F7Z10314,ATS BRACKET 10314,509,9280.62
10,2025,X6E03422,Nodo Bracket-3422,386,633.86
10,2025,X6E03522,Nodo Bracket-3522,84,7206.83
10,2025,X6E05222,Nodo Bracket-5222,148,8243.11
10,2025,X6E05122,Nodo Bracket-5122,294,9471.74
10,2025,330123920,Tata Cup Box,83,4883.95
10,2025,P3301201020,ACE RDE Box casting,271,2339.22
10,2025,330151420,Mega Ace,439,3240.1
10,2025,330134120,M&M 510,74,12078.82
10,2025,330134220V1,M&M 630,488,2494.69
10,2025,330931720,Cover Plate,853,10986.29
10,2025,502207C01,Side Cover C01,632,6287.43
10,2025,502207E 01,Side Cover Casting E01 (HFB 82),224,2025.02
10,2025,50170115,Valve Housing HFB 64,312,4272.09
10,2025,501707C06,Valve Housing casting,228,7195.53
10,2025,501707C03,Valve Housing casting-C03,424,9964.89
10,2025,501707E 01,Valve housing casting  E01 (HFB82),354,2187.79
10,2025,500127C06,LH Housing C06,231,3600.19
10,2025,500127C14,LH Housing C14,474,10125.62
10,2025,50012110,LH Housing 64,75,3793.52
10,2025,5.00E+08,LH Housing -82,341,1287.96
10,2025,666,BB-106,217,1657.25
10,2025,F1826722,B.D. 6722,63,2516.23
10,2025,257542303705,TATA BRAKE DRUM 3705,1049,4085.96
10,2025,263242303723,TATA BRAKE DRUM 3723,78,8875.75
10,2025,F1875722,Brake Drum -5722,340,3547.09
10,2025,277642303701,TATA BRAKE DRUM 3701,293,3685.07
10,2025,5.01E+11,Brake Drum 3702,146,11625.63
10,2025,0031002662AC,Rear Cover-6662,215,6096.8
10,2025,10006813CC,Rear Cover-6813,579,6462.35
10,2025,300053048A,Sviwel Housing LH,416,5542.88
10,2025,300053049A,Sviwel Housing RH,491,7809.89
10,2025,300130461B,Housing Input Pinion,309,7832.15
10,2025,300130468A,Cover steering cylinder mounting,364,10290.73
10,2025,300130474A,Housing hub stub axle,318,6525.88
10,2025,300145985A,Housing Axle King Shaft,280,5100.12
10,2025,10039106AB,Front Axle Housing LH-106 AB,71,3694.75
10,2025,10039104AC,Front Axle Housing RH-104 AC,491,5891.98
10,2025,10039098AB,"Front Axle Housing RH  (10039098AB)
",132,5775.59
10,2025,300422630A,Housing Front Axle Cover LH-630,632,10524.43
10,2025,300422616A,Housing Front Axle Cover RH-640,653,7163.33
10,2025,300137705B,Housing Front Axle Cover LH-705,461,7627.03
10,2025,300130478B,Housing Front Axle Cover RH-478,603,10559.03
10,2025,10051257CB,Front Axle Housing,281,7035.63
10,2025,1A8252-42110,Hydarulic Housing,74,936.96
10,2025,10071462AG,Integral Front Axle Bkt(Casting),215,8528.83
10,2025,5A8252-24701,COVER FRONT,262,5590.35
10,2025,5A8252-24240,COVER REAR,84,2506.36
10,2025,1A8252-43231-1,HEAD CYLINDER,443,7193.96
10,2025,1A8550-43210-1,HEAD CYLINDER-210,626,8117.85
10,2025,1A8252-47710,HINGE SUPPORT-8252,385,6387.38
10,2025,101281426000,Brake Drum -6000,421,8996.44
10,2025,101281426100,Brake Drum -6100,168,2914.13
10,2025,1SK-45870,HUB Tunring,443,9109.04
10,2025,(SE01B00G00037),Front Wheel hub Star Glow,524,935.41
10,2025,4256730,HUB-118,400,2714.81
10,2025,4252073,HUB-316,387,7182.96
10,2025,4252752,HUB-454,172,9819.9
10,2025,4255058,HUB-770,148,2748.98
10,2025,10055248BB,ASSY FRONT AXLE HOUSING PADDY SPECIAL,361,9617.45
10,2025,1A8252-13760-1,"GEARBOX, FRONT L ECN",293,2077.72
10,2025,1A8252-13770-1,"GEARBOX, FRONT R ECN",290,2995.85
10,2025,300167935A,Center Beam Housing -584/935,165,2800.76
10,2025,XBY00222,Bracket Engine,88,3800.97
10,2025,300137702C,CENTER BEAM HSG - Casting,373,9414.67
10,2025,M31149S002,Fron Wheel Hub Champ,490,7492.09
10,2025,X1821622,Housing Oil Cooler,333,4549.39
10,2025,B3F01301,Flywheel Boss,168,312.33
10,2025,F4W03322,FSFB Bracket - 3322,459,9329.71
10,2025,F4W03222,FSFB Bracket - 3222,278,11136
10,2025,X6E04822,NODO BRACKET -ECO-4822,188,6805.3
10,2025,F6A07422,Spring bracket-7422,421,11453.57
10,2025,7125600,Wheel - Drive,149,635.64
10,2025,8829617,Dual adapter hub,242,3456.73
10,2025,29324690,Disc Actuating,85,11608.97
10,2025,IC0305854,EICHER BRAKE DRUM,108,7212.2
10,2025,277642303714,Brake Drum 3714,155,4594.41
10,2025,277642303707,Brake Drum 3707,242,4217.9
10,2025,66666,Trunnion Braket,274,4401.04
10,2025,1528137,Chart Casting Wheel -8137,104,4430.44
10,2025,1528138,Chart Casting Wheel -8138,258,10330.78
10,2025,516266681,Chart Casting Wheel -6681,77,7573.77
10,2025,8504786,Casting drive wheel,49,9207.55
10,2025,1524926,Hub Casting,212,11156.36
10,2025,8827231,Drive wheel -casting,442,878.91
10,2025,006050988V01,Fly Wheel 67 HP,414,8592.97
10,2025,907125600,Wheel - Drive,244,6750.29
10,2025,60000-01/018,"Brake Drum , 16.5X7, G3000b",382,3461.68
10,2025,X1505222,Pulley-5222,248,2997.98
10,2025,X1505122,Pulley-5122,194,9867.77
10,2025,006525415B01,Axle Carr LH,297,8005.71
10,2025,006525417B01,Axle Carr RH,267,348.43
10,2025,B3F16003,Fly Wheel -16003,272,11010.61
10,2025,5739980670,HYVA Bracket 670,429,8427.69
10,2025,3318C00701,Flywheel-701,206,7011.45
10,2025,H01XX417961701,Drive wheel,420,4516.56
10,2025,X6E04722,NODO BRACKET-ECO-4722,482,482.87
10,2025,FTF03022,Rear Dummy HUB-3222,455,5939.56
10,2025,F5N04822,Bracket -Engine Mounting-4822,426,4891.57
10,2025,A 400 322 05 01,Spring bracket -501,545,2785.64
10,2025,A 400 322 00 01,Spring bracket -0001,502,10798.36
10,2025,A 400 322 00 06,Spring bracket -0006,330,3752.53
10,2025,A4008911020,Bracket Bearing 1020,266,6320.59
10,2025,A4003220101,Spring bracket -0101,151,8815.33
10,2025,A400 891 09 20,Bracket Bearing 920,327,10098.69
11,2025,0503BA0290N-RK,ALFA HUB,141,5448.25
11,2025,0503BA0290N,Front Wheel Hub,431,8562.39
11,2025,0502BA1050N,Alfa Rear Wheel Hub LH,257,3743.42
11,2025,0502BA1060N,Alfa Rear Wheel Hub RH,267,9818.29
11,2025,0602AAB00260N,Brake Drum ALFA,322,6420.02
11,2025,0601AMJ00030N,Brake Drum -TREO,293,1200.77
11,2025,0601AAA00320N,B.D. E-Riksha,428,9694.79
11,2025,0601AED00170N,Brake Drum E-Rikshaw,492,2570.66
11,2025,0801AAA00960N,Clutch Housing LCC,101,1228.69
11,2025,006017472B92,Fly Wheel 3DI,145,9512.69
11,2025,006029533V91,Fly Wheel 3DI E1H1,483,7501.63
11,2025,006028861V92,475/575 4DI-NCRPTO,83,3613.52
11,2025,006028860V91,475/575 4DI-CRPTO,584,7679.15
11,2025,006022009B91,Fly Wheel Swraj,536,2421.01
11,2025,007903649B1,HUB(CRE),569,1416.79
11,2025,4D00322,BOSS BRAKCET,106,577.6
11,2025,005551418R8,F.A.S. (BP),346,1813.48
11,2025,F3S00100,Brake Drum 100,196,1256.2
11,2025,F8T00122,Brake Drum 122,208,7128.51
11,2025,F3S00222,Brake Drum 222,405,488.78
11,2025,F3S00422,Brake Drum 422,119,11820.89
11,2025,F8T01222,Brake Drum 1222,190,2478.63
11,2025,F8T02022,Brake Drum 2022,374,7254.88
11,2025,F1860822,BD (B) 1860822 -EDM,449,3843.02
11,2025,F1869022,BD F-1869022-EDM,277,8170.6
11,2025,F8T01922,Brake Drum 1922,644,5786.35
11,2025,F1879622,Brake Drum 9622,129,4466.93
11,2025,F1879722,Brake Drum 9722,480,9337.26
11,2025,F1869122,Brake Drum 9122,153,7329.48
11,2025,F3S00622,Brake Drum 622,462,794.16
11,2025,F5Z00120,Distence Pic Old 120,342,10496.83
11,2025,F5Z00112,Distence Pic Big 112,107,10155.11
11,2025,F1880122,Rear Hub 122,582,3685.33
11,2025,F1888822,Dummy Hub 822,375,6987.45
11,2025,F8S00622,Rear Hub-622,79,1491.82
11,2025,F1880222,Rear HUB-222,128,2884.22
11,2025,F8S01022,UB Hub 1022,108,2659.22
11,2025,FTF01222,UB Hub 1222,325,8610.36
11,2025,F1884622,Front Hub -622,80,8902.85
11,2025,F8S00922,UB Hub 922,433,5527.31
11,2025,F8S01322,Front HUB-1322,415,2494.15
11,2025,FTF01122,Hub 1122 MBP,388,3711.33
11,2025,FTF01022,Hub 1022 MBP,302,1109.82
11,2025,FTF03022,Rear Dummy HUB-3022,96,10511.46
11,2025,FH302622,Front Hub 2622 MBP,148,10253.08
11,2025,FTT02722,HUB-2722,510,632.21
11,2025,F3H01322,ARB FRAME MOUNTING BKT,226,10597.58
11,2025,F2R00122,SGM BKT-122,390,9015.26
11,2025,F8D01700,SGM BKT -1700,179,7855.82
11,2025,F-8D02722,SGM -2722,84,2773.05
11,2025,F8D01622,SGM -1622,274,5966.32
11,2025,F3H01122,ARB Axle M. BKt LH,432,9427.29
11,2025,F3H01222,ARB Axle M. BKt RH,177,1680
11,2025,B3F15503,Fly Wheel-503,328,3470.16
11,2025,B9805502,Flywheel Neptune,331,2109.6
11,2025,B2W02519,FIP Housing CB18,71,6913.54
11,2025,B2W01421,FIP Housing CB28,76,6091.67
11,2025,B2W01307,Fip Housing-1307,313,2904.7
11,2025,X1X00522,Thermostate Housing-522,736,5362.24
11,2025,X2H00622,T.G. Case,613,8260.12
11,2025,F7L09722,Rear Spring Bracket,273,7490.98
11,2025,F5F01822,AC Bracket -1822,222,8685.47
11,2025,F5F01722,AC Bracket -1722,409,2498.48
11,2025,F7Z05314,ATS BRACKET-5314,367,7612.31
11,2025,F7Z00122,ATS BRACKET-122,266,3068.65
11,2025,F7Z05414,ATS BRACKET-5414,528,2616.41
11,2025,F7Z10314,ATS BRACKET 10314,526,9379.82
11,2025,X6E03422,Nodo Bracket-3422,399,640.64
11,2025,X6E03522,Nodo Bracket-3522,87,7283.87
11,2025,X6E05222,Nodo Bracket-5222,153,8331.23
11,2025,X6E05122,Nodo Bracket-5122,304,9572.99
11,2025,330123920,Tata Cup Box,86,4936.16
11,2025,P3301201020,ACE RDE Box casting,280,2364.23
11,2025,330151420,Mega Ace,453,3274.74
11,2025,330134120,M&M 510,77,12207.93
11,2025,330134220V1,M&M 630,504,2521.35
11,2025,330931720,Cover Plate,881,11103.72
11,2025,502207C01,Side Cover C01,653,6354.64
11,2025,502207E 01,Side Cover Casting E01 (HFB 82),231,2046.67
11,2025,50170115,Valve Housing HFB 64,322,4317.75
11,2025,501707C06,Valve Housing casting,236,7272.44
11,2025,501707C03,Valve Housing casting-C03,437,10071.41
11,2025,501707E 01,Valve housing casting  E01 (HFB82),366,2211.18
11,2025,500127C06,LH Housing C06,239,3638.67
11,2025,500127C14,LH Housing C14,490,10233.86
11,2025,50012110,LH Housing 64,78,3834.07
11,2025,5.00E+08,LH Housing -82,352,1301.73
11,2025,666,BB-106,224,1674.96
11,2025,F1826722,B.D. 6722,65,2543.13
11,2025,257542303705,TATA BRAKE DRUM 3705,1083,4129.64
11,2025,263242303723,TATA BRAKE DRUM 3723,81,8970.63
11,2025,F1875722,Brake Drum -5722,351,3585.01
11,2025,277642303701,TATA BRAKE DRUM 3701,303,3724.46
11,2025,5.01E+11,Brake Drum 3702,150,11749.9
11,2025,0031002662AC,Rear Cover-6662,222,6161.97
11,2025,10006813CC,Rear Cover-6813,598,6531.43
11,2025,300053048A,Sviwel Housing LH,430,5602.13
11,2025,300053049A,Sviwel Housing RH,507,7893.38
11,2025,300130461B,Housing Input Pinion,319,7915.87
11,2025,300130468A,Cover steering cylinder mounting,376,10400.73
11,2025,300130474A,Housing hub stub axle,328,6595.64
11,2025,300145985A,Housing Axle King Shaft,289,5154.63
11,2025,10039106AB,Front Axle Housing LH-106 AB,74,3734.25
11,2025,10039104AC,Front Axle Housing RH-104 AC,507,5954.96
11,2025,10039098AB,"Front Axle Housing RH  (10039098AB)
",137,5837.33
11,2025,300422630A,Housing Front Axle Cover LH-630,653,10636.93
11,2025,300422616A,Housing Front Axle Cover RH-640,674,7239.91
11,2025,300137705B,Housing Front Axle Cover LH-705,476,7708.56
11,2025,300130478B,Housing Front Axle Cover RH-478,622,10671.9
11,2025,10051257CB,Front Axle Housing,290,7110.83
11,2025,1A8252-42110,Hydarulic Housing,77,946.97
11,2025,10071462AG,Integral Front Axle Bkt(Casting),222,8620
11,2025,5A8252-24701,COVER FRONT,270,5650.11
11,2025,5A8252-24240,COVER REAR,87,2533.15
11,2025,1A8252-43231-1,HEAD CYLINDER,457,7270.86
11,2025,1A8550-43210-1,HEAD CYLINDER-210,647,8204.62
11,2025,1A8252-47710,HINGE SUPPORT-8252,397,6455.65
11,2025,101281426000,Brake Drum -6000,435,9092.6
11,2025,101281426100,Brake Drum -6100,174,2945.29
11,2025,1SK-45870,HUB Tunring,457,9206.41
11,2025,(SE01B00G00037),Front Wheel hub Star Glow,542,945.41
11,2025,4256730,HUB-118,413,2743.83
11,2025,4252073,HUB-316,400,7259.74
11,2025,4252752,HUB-454,178,9924.87
11,2025,4255058,HUB-770,152,2778.37
11,2025,10055248BB,ASSY FRONT AXLE HOUSING PADDY SPECIAL,373,9720.26
11,2025,1A8252-13760-1,"GEARBOX, FRONT L ECN",303,2099.93
11,2025,1A8252-13770-1,"GEARBOX, FRONT R ECN",300,3027.87
11,2025,300167935A,Center Beam Housing -584/935,170,2830.7
11,2025,XBY00222,Bracket Engine,90,3841.6
11,2025,300137702C,CENTER BEAM HSG - Casting,385,9515.31
11,2025,M31149S002,Fron Wheel Hub Champ,506,7572.18
11,2025,X1821622,Housing Oil Cooler,344,4598.02
11,2025,B3F01301,Flywheel Boss,174,315.67
11,2025,F4W03322,FSFB Bracket - 3322,474,9429.44
11,2025,F4W03222,FSFB Bracket - 3222,287,11255.03
11,2025,X6E04822,NODO BRACKET -ECO-4822,194,6878.04
11,2025,F6A07422,Spring bracket-7422,435,11576
11,2025,7125600,Wheel - Drive,154,642.43
11,2025,8829617,Dual adapter hub,250,3493.68
11,2025,29324690,Disc Actuating,87,11733.06
11,2025,IC0305854,EICHER BRAKE DRUM,111,7289.29
11,2025,277642303714,Brake Drum 3714,160,4643.52
11,2025,277642303707,Brake Drum 3707,250,4262.99
11,2025,66666,Trunnion Braket,283,4448.08
11,2025,1528137,Chart Casting Wheel -8137,107,4477.8
11,2025,1528138,Chart Casting Wheel -8138,266,10441.21
11,2025,516266681,Chart Casting Wheel -6681,80,7654.73
11,2025,8504786,Casting drive wheel,50,9305.97
11,2025,1524926,Hub Casting,219,11275.62
11,2025,8827231,Drive wheel -casting,456,888.31
11,2025,006050988V01,Fly Wheel 67 HP,428,8684.82
11,2025,907125600,Wheel - Drive,252,6822.44
11,2025,60000-01/018,"Brake Drum , 16.5X7, G3000b",394,3498.68
11,2025,X1505222,Pulley-5222,257,3030.02
11,2025,X1505122,Pulley-5122,201,9973.25
11,2025,006525415B01,Axle Carr LH,307,8091.29
11,2025,006525417B01,Axle Carr RH,276,352.15
11,2025,B3F16003,Fly Wheel -16003,281,11128.31
11,2025,5739980670,HYVA Bracket 670,443,8517.78
11,2025,3318C00701,Flywheel-701,212,7086.4
11,2025,H01XX417961701,Drive wheel,434,4564.84
11,2025,X6E04722,NODO BRACKET-ECO-4722,497,488.03
11,2025,FTF03022,Rear Dummy HUB-3222,470,6003.05
11,2025,F5N04822,Bracket -Engine Mounting-4822,440,4943.85
11,2025,A 400 322 05 01,Spring bracket -501,563,2815.42
11,2025,A 400 322 00 01,Spring bracket -0001,518,10913.79
11,2025,A 400 322 00 06,Spring bracket -0006,341,3792.65
11,2025,A4008911020,Bracket Bearing 1020,274,6388.15
11,2025,A4003220101,Spring bracket -0101,156,8909.56
11,2025,A400 891 09 20,Bracket Bearing 920,338,10206.64
12,2025,0503BA0290N-RK,ALFA HUB,144,5794.15
12,2025,0503BA0290N,Front Wheel Hub,440,9106.01
12,2025,0502BA1050N,Alfa Rear Wheel Hub LH,262,3981.09
12,2025,0502BA1060N,Alfa Rear Wheel Hub RH,273,10441.65
12,2025,0602AAB00260N,Brake Drum ALFA,329,6827.63
12,2025,0601AMJ00030N,Brake Drum -TREO,299,1277.01
12,2025,0601AAA00320N,B.D. E-Riksha,437,10310.31
12,2025,0601AED00170N,Brake Drum E-Rikshaw,502,2733.87
12,2025,0801AAA00960N,Clutch Housing LCC,103,1306.7
12,2025,006017472B92,Fly Wheel 3DI,148,10116.65
12,2025,006029533V91,Fly Wheel 3DI E1H1,493,7977.9
12,2025,006028861V92,475/575 4DI-NCRPTO,84,3842.94
12,2025,006028860V91,475/575 4DI-CRPTO,597,8166.7
12,2025,006022009B91,Fly Wheel Swraj,547,2574.71
12,2025,007903649B1,HUB(CRE),582,1506.74
12,2025,4D00322,BOSS BRAKCET,108,614.27
12,2025,005551418R8,F.A.S. (BP),354,1928.62
12,2025,F3S00100,Brake Drum 100,200,1335.96
12,2025,F8T00122,Brake Drum 122,213,7581.1
12,2025,F3S00222,Brake Drum 222,414,519.81
12,2025,F3S00422,Brake Drum 422,122,12571.4
12,2025,F8T01222,Brake Drum 1222,194,2636
12,2025,F8T02022,Brake Drum 2022,382,7715.49
12,2025,F1860822,BD (B) 1860822 -EDM,459,4087.01
12,2025,F1869022,BD F-1869022-EDM,283,8689.35
12,2025,F8T01922,Brake Drum 1922,658,6153.72
12,2025,F1879622,Brake Drum 9622,132,4750.53
12,2025,F1879722,Brake Drum 9722,490,9930.08
12,2025,F1869122,Brake Drum 9122,157,7794.83
12,2025,F3S00622,Brake Drum 622,472,844.58
12,2025,F5Z00120,Distence Pic Old 120,350,11163.27
12,2025,F5Z00112,Distence Pic Big 112,109,10799.86
12,2025,F1880122,Rear Hub 122,595,3919.31
12,2025,F1888822,Dummy Hub 822,383,7431.09
12,2025,F8S00622,Rear Hub-622,80,1586.53
12,2025,F1880222,Rear HUB-222,131,3067.34
12,2025,F8S01022,UB Hub 1022,110,2828.06
12,2025,FTF01222,UB Hub 1222,332,9157.03
12,2025,F1884622,Front Hub -622,81,9468.09
12,2025,F8S00922,UB Hub 922,442,5878.24
12,2025,F8S01322,Front HUB-1322,424,2652.51
12,2025,FTF01122,Hub 1122 MBP,397,3946.96
12,2025,FTF01022,Hub 1022 MBP,308,1180.28
12,2025,FTF03022,Rear Dummy HUB-3022,98,11178.83
12,2025,FH302622,Front Hub 2622 MBP,152,10904.04
12,2025,FTT02722,HUB-2722,521,672.34
12,2025,F3H01322,ARB FRAME MOUNTING BKT,231,11270.42
12,2025,F2R00122,SGM BKT-122,399,9587.63
12,2025,F8D01700,SGM BKT -1700,183,8354.59
12,2025,F-8D02722,SGM -2722,85,2949.11
12,2025,F8D01622,SGM -1622,280,6345.12
12,2025,F3H01122,ARB Axle M. BKt LH,441,10025.82
12,2025,F3H01222,ARB Axle M. BKt RH,181,1786.66
12,2025,B3F15503,Fly Wheel-503,335,3690.48
12,2025,B9805502,Flywheel Neptune,339,2243.54
12,2025,B2W02519,FIP Housing CB18,72,7352.48
12,2025,B2W01421,FIP Housing CB28,77,6478.43
12,2025,B2W01307,Fip Housing-1307,319,3089.11
12,2025,X1X00522,Thermostate Housing-522,752,5702.69
12,2025,X2H00622,T.G. Case,627,8784.56
12,2025,F7L09722,Rear Spring Bracket,279,7966.58
12,2025,F5F01822,AC Bracket -1822,227,9236.91
12,2025,F5F01722,AC Bracket -1722,418,2657.11
12,2025,F7Z05314,ATS BRACKET-5314,375,8095.61
12,2025,F7Z00122,ATS BRACKET-122,272,3263.47
12,2025,F7Z05414,ATS BRACKET-5414,539,2782.53
12,2025,F7Z10314,ATS BRACKET 10314,537,9975.35
12,2025,X6E03422,Nodo Bracket-3422,408,681.31
12,2025,X6E03522,Nodo Bracket-3522,88,7746.32
12,2025,X6E05222,Nodo Bracket-5222,157,8860.17
12,2025,X6E05122,Nodo Bracket-5122,310,10180.78
12,2025,330123920,Tata Cup Box,87,5249.55
12,2025,P3301201020,ACE RDE Box casting,286,2514.33
12,2025,330151420,Mega Ace,463,3482.65
12,2025,330134120,M&M 510,78,12983.01
12,2025,330134220V1,M&M 630,515,2681.43
12,2025,330931720,Cover Plate,900,11808.7
12,2025,502207C01,Side Cover C01,667,6758.09
12,2025,502207E 01,Side Cover Casting E01 (HFB 82),236,2176.61
12,2025,50170115,Valve Housing HFB 64,329,4591.88
12,2025,501707C06,Valve Housing casting,241,7734.17
12,2025,501707C03,Valve Housing casting-C03,447,10710.84
12,2025,501707E 01,Valve housing casting  E01 (HFB82),374,2351.57
12,2025,500127C06,LH Housing C06,244,3869.69
12,2025,500127C14,LH Housing C14,500,10883.61
12,2025,50012110,LH Housing 64,79,4077.5
12,2025,5.00E+08,LH Housing -82,360,1384.37
12,2025,666,BB-106,229,1781.31
12,2025,F1826722,B.D. 6722,66,2704.59
12,2025,257542303705,TATA BRAKE DRUM 3705,1107,4391.83
12,2025,263242303723,TATA BRAKE DRUM 3723,82,9540.17
12,2025,F1875722,Brake Drum -5722,359,3812.62
12,2025,277642303701,TATA BRAKE DRUM 3701,309,3960.93
12,2025,5.01E+11,Brake Drum 3702,154,12495.9
12,2025,0031002662AC,Rear Cover-6662,227,6553.2
12,2025,10006813CC,Rear Cover-6813,611,6946.11
12,2025,300053048A,Sviwel Housing LH,439,5957.81
12,2025,300053049A,Sviwel Housing RH,518,8394.52
12,2025,300130461B,Housing Input Pinion,326,8418.44
12,2025,300130468A,Cover steering cylinder mounting,384,11061.07
12,2025,300130474A,Housing hub stub axle,335,7014.39
12,2025,300145985A,Housing Axle King Shaft,295,5481.9
12,2025,10039106AB,Front Axle Housing LH-106 AB,75,3971.33
12,2025,10039104AC,Front Axle Housing RH-104 AC,518,6333.04
12,2025,10039098AB,"Front Axle Housing RH  (10039098AB)
",140,6207.94
12,2025,300422630A,Housing Front Axle Cover LH-630,667,11312.27
12,2025,300422616A,Housing Front Axle Cover RH-640,689,7699.57
12,2025,300137705B,Housing Front Axle Cover LH-705,486,8197.97
12,2025,300130478B,Housing Front Axle Cover RH-478,636,11349.46
12,2025,10051257CB,Front Axle Housing,296,7562.3
12,2025,1A8252-42110,Hydarulic Housing,78,1007.1
12,2025,10071462AG,Integral Front Axle Bkt(Casting),227,9167.28
12,2025,5A8252-24701,COVER FRONT,276,6008.84
12,2025,5A8252-24240,COVER REAR,88,2693.98
12,2025,1A8252-43231-1,HEAD CYLINDER,467,7732.49
12,2025,1A8550-43210-1,HEAD CYLINDER-210,661,8725.53
12,2025,1A8252-47710,HINGE SUPPORT-8252,406,6865.52
12,2025,101281426000,Brake Drum -6000,444,9669.89
12,2025,101281426100,Brake Drum -6100,178,3132.28
12,2025,1SK-45870,HUB Tunring,467,9790.92
12,2025,(SE01B00G00037),Front Wheel hub Star Glow,553,1005.43
12,2025,4256730,HUB-118,422,2918.04
12,2025,4252073,HUB-316,409,7720.66
12,2025,4252752,HUB-454,182,10554.99
12,2025,4255058,HUB-770,156,2954.76
12,2025,10055248BB,ASSY FRONT AXLE HOUSING PADDY SPECIAL,381,10337.39
12,2025,1A8252-13760-1,"GEARBOX, FRONT L ECN",309,2233.25
12,2025,1A8252-13770-1,"GEARBOX, FRONT R ECN",306,3220.11
12,2025,300167935A,Center Beam Housing -584/935,174,3010.42
12,2025,XBY00222,Bracket Engine,92,4085.5
12,2025,300137702C,CENTER BEAM HSG - Casting,394,10119.43
12,2025,M31149S002,Fron Wheel Hub Champ,517,8052.94
12,2025,X1821622,Housing Oil Cooler,352,4889.95
12,2025,B3F01301,Flywheel Boss,178,335.71
12,2025,F4W03322,FSFB Bracket - 3322,484,10028.11
12,2025,F4W03222,FSFB Bracket - 3222,293,11969.61
12,2025,X6E04822,NODO BRACKET -ECO-4822,198,7314.73
12,2025,F6A07422,Spring bracket-7422,444,12310.96
12,2025,7125600,Wheel - Drive,158,683.22
12,2025,8829617,Dual adapter hub,255,3715.49
12,2025,29324690,Disc Actuating,89,12477.99
12,2025,IC0305854,EICHER BRAKE DRUM,114,7752.09
12,2025,277642303714,Brake Drum 3714,164,4938.33
12,2025,277642303707,Brake Drum 3707,255,4533.64
12,2025,66666,Trunnion Braket,289,4730.49
12,2025,1528137,Chart Casting Wheel -8137,109,4762.09
12,2025,1528138,Chart Casting Wheel -8138,272,11104.12
12,2025,516266681,Chart Casting Wheel -6681,81,8140.72
12,2025,8504786,Casting drive wheel,51,9896.8
12,2025,1524926,Hub Casting,224,11991.5
12,2025,8827231,Drive wheel -casting,466,944.7
12,2025,006050988V01,Fly Wheel 67 HP,437,9236.22
12,2025,907125600,Wheel - Drive,257,7255.6
12,2025,60000-01/018,"Brake Drum , 16.5X7, G3000b",403,3720.81
12,2025,X1505222,Pulley-5222,262,3222.4
12,2025,X1505122,Pulley-5122,205,10606.45
12,2025,006525415B01,Axle Carr LH,313,8605
12,2025,006525417B01,Axle Carr RH,282,374.51
12,2025,B3F16003,Fly Wheel -16003,287,11834.84
12,2025,5739980670,HYVA Bracket 670,453,9058.57
12,2025,3318C00701,Flywheel-701,217,7536.31
12,2025,H01XX417961701,Drive wheel,443,4854.66
12,2025,X6E04722,NODO BRACKET-ECO-4722,508,519.02
12,2025,FTF03022,Rear Dummy HUB-3222,480,6384.18
12,2025,F5N04822,Bracket -Engine Mounting-4822,450,5257.74
12,2025,A 400 322 05 01,Spring bracket -501,576,2994.17
12,2025,A 400 322 00 01,Spring bracket -0001,529,11606.71
12,2025,A 400 322 00 06,Spring bracket -0006,349,4033.44
12,2025,A4008911020,Bracket Bearing 1020,280,6793.73
12,2025,A4003220101,Spring bracket -0101,160,9475.23
12,2025,A400 891 09 20,Bracket Bearing 920,346,10854.66
